
          -------------------------------------------------------
          Amber 24 PMEMD                              2024
          -------------------------------------------------------

| PMEMD implementation of SANDER, Release 24

|  Compiled date/time: Fri Apr  4 06:55:38 2025
| Run on 02/28/2026 at 16:23:54

|   Executable path: pmemd.cuda
| Working directory: /workspace
|          Hostname: 44166253ecf8

  [-O]verwriting output

File Assignments:
|   MDIN: ./MolecularDynamics/260222_Amber_test/conf_file/prod.in               
|  MDOUT: ./MolecularDynamics/260222_Amber_test/prod.out                        
| INPCRD: ./MolecularDynamics/260222_Amber_test/equil.rst                       
|   PARM: ./MolecularDynamics/260222_Amber_test/complex.prmtop                  
| RESTRT: ./MolecularDynamics/260222_Amber_test/prod.rst                        
|   REFC: refc                                                                  
|  MDVEL: mdvel                                                                 
|   MDEN: mden                                                                  
|  MDCRD: mdcrd                                                                 
| MDINFO: mdinfo                                                                
|  MDFRC: mdfrc                                                                 


 Here is the input file:

# 3. Production MD (NPT, 100ns)                                                
 &cntrl                                                                        
  imin=0, ntx=5, irest=1, ! 前のステップを継続                        
  nstlim=50000000, dt=0.002,                                                   
                                                                               
  ntt=3, temp0=300.0, gamma_ln=1.0, ig=-1,                                     
  ntp=1, barostat=2, pres0=1.0, taup=2.0,                                      
                                                                               
  ntb=2, cut=10.0,                                                             
  ntc=2, ntf=2,                                                                
                                                                               
  ! Trajectory出力 (reporterStep=10000)                                      
  ntpr=10000, ntwx=10000, ntwr=10000,                                          
 /                                                                             
                                                                               


Note: ig = -1. Setting random seed to   813677 based on wallclock time in 
      microseconds.
| irandom = 1, using AMBER's internal random number generator (default).
 
|--------------------- INFORMATION ----------------------
| GPU (CUDA) Version of PMEMD in use: NVIDIA GPU IN USE.
|                    Version 18.0.0
| 
|                      03/25/2018
| 
| Implementation by:
|                    Ross C. Walker     (SDSC)
|                    Scott Le Grand     (nVIDIA)
| 
| Version 18 performance extensions by:
|                    David Cerutti     (Rutgers)
| 
| Precision model in use:
|      [SPFP] - Single Precision Forces, 64-bit Fixed Point
|               Accumulation. (Default)
| 
|--------------------------------------------------------
 
|----------------- CITATION INFORMATION -----------------
|
|    When publishing work that utilized the CUDA version
|    of AMBER, please cite the following in addition to
|    the regular AMBER citations:
|
|  - Romelia Salomon-Ferrer; Andreas W. Goetz; Duncan
|    Poole; Scott Le Grand; Ross C. Walker "Routine
|    microsecond molecular dynamics simulations with
|    AMBER - Part II: Particle Mesh Ewald", J. Chem.
|    Theory Comput., 2013, 9 (9), pp3878-3888,
|    DOI: 10.1021/ct400314y.
|
|  - Andreas W. Goetz; Mark J. Williamson; Dong Xu;
|    Duncan Poole; Scott Le Grand; Ross C. Walker
|    "Routine microsecond molecular dynamics simulations
|    with AMBER - Part I: Generalized Born", J. Chem.
|    Theory Comput., 2012, 8 (5), pp1542-1555.
|
|  - Scott Le Grand; Andreas W. Goetz; Ross C. Walker
|    "SPFP: Speed without compromise - a mixed precision
|    model for GPU accelerated molecular dynamics
|    simulations.", Comp. Phys. Comm., 2013, 184
|    pp374-380, DOI: 10.1016/j.cpc.2012.09.022
|
|--------------------------------------------------------
 
|------------------- GPU DEVICE INFO --------------------
|
|            CUDA_VISIBLE_DEVICES: not set
|   CUDA Capable Devices Detected:      1
|           CUDA Device ID in use:      0
|                CUDA Device Name: NVIDIA GeForce RTX 3090
|     CUDA Device Global Mem Size:  24124 MB
| CUDA Device Num Multiprocessors:     82
|           CUDA Device Core Freq:   1.70 GHz
|
|--------------------------------------------------------
 
 
| Conditional Compilation Defines Used:
| PUBFFT
| BINTRAJ
| CUDA
| EMIL

| Largest sphere to fit in unit cell has radius =    28.098

| New format PARM file being parsed.
| Version =    1.000 Date = 02/28/26 Time = 15:31:52

| Note: 1-4 EEL scale factors are being read from the topology file.

| Note: 1-4 VDW scale factors are being read from the topology file.
| Duplicated    0 dihedrals

| Duplicated    0 dihedrals

--------------------------------------------------------------------------------
   1.  RESOURCE   USE: 
--------------------------------------------------------------------------------

 getting box info from netcdf restart file
 NATOM  =   24961 NTYPES =      19 NBONH =   24054 MBONA  =     929
 NTHETH =    1852 MTHETA =    1272 NPHIH =    4026 MPHIA  =    3920
 NHPARM =       0 NPARM  =       0 NNB   =   40414 NRES   =    7862
 NBONA  =     929 NTHETA =    1272 NPHIA =    3920 NUMBND =      72
 NUMANG =     158 NPTRA  =     176 NATYP =      39 NPHB   =       0
 IFBOX  =       2 NMXRS  =      24 IFCAP =       0 NEXTRA =       0
 NCOPY  =       0

| Coordinate Index Table dimensions:    11   11   11
| Direct force subcell size =     6.2569    6.2569    6.2569

     BOX TYPE: TRUNCATED OCTAHEDRON

--------------------------------------------------------------------------------
   2.  CONTROL  DATA  FOR  THE  RUN
--------------------------------------------------------------------------------

default_name                                                                    

General flags:
     imin    =       0, nmropt  =       0

Nature and format of input:
     ntx     =       5, irest   =       1, ntrx    =       1

Nature and format of output:
     ntxo    =       2, ntpr    =   10000, ntrx    =       1, ntwr    =   10000
     iwrap   =       0, ntwx    =   10000, ntwv    =       0, ntwe    =       0
     ioutfm  =       1, ntwprt  =       0, idecomp =       0, rbornstat=      0

Potential function:
     ntf     =       2, ntb     =       2, igb     =       0, nsnb    =      25
     ipol    =       0, gbsa    =       0, iesp    =       0
     dielc   =   1.00000, cut     =  10.00000, intdiel =   1.00000

Frozen or restrained atoms:
     ibelly  =       0, ntr     =       0

Molecular dynamics:
     nstlim  =  50000000, nscm    =      1000, nrespa  =         1
     t       =   0.00000, dt      =   0.00200, vlimit  =  -1.00000

Langevin dynamics temperature regulation:
     ig      =  813677
     temp0   = 300.00000, tempi   =   0.00000, gamma_ln=   1.00000

Pressure regulation:
     ntp     =       1
     pres0   =   1.00000, comp    =  44.60000, taup    =   2.00000
     Monte-Carlo Barostat:
     mcbarint  =     100

SHAKE:
     ntc     =       2, jfastw  =       0
     tol     =   0.00001

| Intermolecular bonds treatment:
|     no_intermolecular_bonds =       1

| Energy averages sample interval:
|     ene_avg_sampling =   10000

Ewald parameters:
     verbose =       0, ew_type =       0, nbflag  =       1, use_pme =       1
     vdwmeth =       1, eedmeth =       1, netfrc  =       1
     Box X =   68.826   Box Y =   68.826   Box Z =   68.826
     Alpha =  109.471   Beta  =  109.471   Gamma =  109.471
     NFFT1 =   72       NFFT2 =   72       NFFT3 =   72
     Cutoff=   10.000   Tol   =0.100E-04
     Ewald Coefficient =  0.27511
     Interpolation order =    4
| MONTE CARLO BAROSTAT IMPORTANT NOTE:
|   The Monte-Carlo barostat does not require the virial to adjust the system volume.
|   Since it is an expensive calculation, it is skipped for efficiency. A side-effect
|   is that the reported pressure is always 0 because it is not calculated.

--------------------------------------------------------------------------------
   3.  ATOMIC COORDINATES AND VELOCITIES
--------------------------------------------------------------------------------

default_name                                                                    
 begin time read from input coords =   100.000 ps

 
 Number of triangulated 3-point waters found:     7741

     Sum of charges from parm topology file =   0.00099993
     Forcing neutrality...

| Dynamic Memory, Types Used:
| Reals             1211651
| Integers           957549

| Nonbonded Pairs Initial Allocation:     7550078

| GPU memory information (estimate):
| KB of GPU memory in use:    216585
| KB of CPU memory in use:     57609

--------------------------------------------------------------------------------
   4.  RESULTS
--------------------------------------------------------------------------------

| MC Barostat: Decreasing size of volume moves
| MC Barostat: Decreasing size of volume moves
| MC Barostat: Decreasing size of volume moves
| MC Barostat: Decreasing size of volume moves
| MC Barostat: Decreasing size of volume moves

 NSTEP =    10000   TIME(PS) =     120.000  TEMP(K) =   301.39  PRESS =     0.0
 Etot   =    -61120.0518  EKtot   =     15221.3740  EPtot      =    -76341.4258
 BOND   =       389.6359  ANGLE   =      1194.5448  DIHED      =      1410.6953
 1-4 NB =       417.0325  1-4 EEL =      4881.1102  VDWAALS    =      9897.0693
 EELEC  =    -94531.5138  EHBOND  =         0.0000  RESTRAINT  =         0.0000
 EKCMT  =         0.0000  VIRIAL  =         0.0000  VOLUME     =    250155.6406
                                                    Density    =         1.0106
 ------------------------------------------------------------------------------


 NSTEP =    20000   TIME(PS) =     140.000  TEMP(K) =   300.12  PRESS =     0.0
 Etot   =    -61241.7931  EKtot   =     15156.8965  EPtot      =    -76398.6895
 BOND   =       325.6051  ANGLE   =      1234.3458  DIHED      =      1440.2125
 1-4 NB =       429.8691  1-4 EEL =      4927.6570  VDWAALS    =      9846.4246
 EELEC  =    -94602.8035  EHBOND  =         0.0000  RESTRAINT  =         0.0000
 EKCMT  =         0.0000  VIRIAL  =         0.0000  VOLUME     =    250930.4605
                                                    Density    =         1.0075
 ------------------------------------------------------------------------------


 NSTEP =    30000   TIME(PS) =     160.000  TEMP(K) =   301.54  PRESS =     0.0
 Etot   =    -60977.2902  EKtot   =     15229.0439  EPtot      =    -76206.3342
 BOND   =       338.4622  ANGLE   =      1177.2164  DIHED      =      1423.5424
 1-4 NB =       430.3143  1-4 EEL =      4932.5384  VDWAALS    =      9919.9869
 EELEC  =    -94428.3948  EHBOND  =         0.0000  RESTRAINT  =         0.0000
 EKCMT  =         0.0000  VIRIAL  =         0.0000  VOLUME     =    249997.6508
                                                    Density    =         1.0113
 ------------------------------------------------------------------------------


 NSTEP =    40000   TIME(PS) =     180.000  TEMP(K) =   300.35  PRESS =     0.0
 Etot   =    -61434.5371  EKtot   =     15168.7910  EPtot      =    -76603.3282
 BOND   =       346.5229  ANGLE   =      1211.0265  DIHED      =      1417.7105
 1-4 NB =       422.4779  1-4 EEL =      4899.4714  VDWAALS    =      9974.8676
 EELEC  =    -94875.4050  EHBOND  =         0.0000  RESTRAINT  =         0.0000
 EKCMT  =         0.0000  VIRIAL  =         0.0000  VOLUME     =    250236.3528
                                                    Density    =         1.0103
 ------------------------------------------------------------------------------


 NSTEP =    50000   TIME(PS) =     200.000  TEMP(K) =   301.39  PRESS =     0.0
 Etot   =    -61348.2767  EKtot   =     15221.3701  EPtot      =    -76569.6468
 BOND   =       355.5835  ANGLE   =      1201.2106  DIHED      =      1409.7775
 1-4 NB =       432.9932  1-4 EEL =      4896.8683  VDWAALS    =      9824.0797
 EELEC  =    -94690.1596  EHBOND  =         0.0000  RESTRAINT  =         0.0000
 EKCMT  =         0.0000  VIRIAL  =         0.0000  VOLUME     =    249907.9505
                                                    Density    =         1.0116
 ------------------------------------------------------------------------------


 NSTEP =    60000   TIME(PS) =     220.000  TEMP(K) =   301.80  PRESS =     0.0
 Etot   =    -61313.3428  EKtot   =     15241.7803  EPtot      =    -76555.1230
 BOND   =       331.3704  ANGLE   =      1241.6094  DIHED      =      1406.0521
 1-4 NB =       423.1606  1-4 EEL =      4941.1594  VDWAALS    =     10154.3350
 EELEC  =    -95052.8099  EHBOND  =         0.0000  RESTRAINT  =         0.0000
 EKCMT  =         0.0000  VIRIAL  =         0.0000  VOLUME     =    250811.3320
                                                    Density    =         1.0080
 ------------------------------------------------------------------------------


 NSTEP =    70000   TIME(PS) =     240.000  TEMP(K) =   299.31  PRESS =     0.0
 Etot   =    -61213.4938  EKtot   =     15116.1992  EPtot      =    -76329.6930
 BOND   =       335.3909  ANGLE   =      1211.6925  DIHED      =      1397.1948
 1-4 NB =       434.2514  1-4 EEL =      4912.0566  VDWAALS    =      9903.6401
 EELEC  =    -94523.9192  EHBOND  =         0.0000  RESTRAINT  =         0.0000
 EKCMT  =         0.0000  VIRIAL  =         0.0000  VOLUME     =    249974.1080
                                                    Density    =         1.0114
 ------------------------------------------------------------------------------


 NSTEP =    80000   TIME(PS) =     260.000  TEMP(K) =   298.30  PRESS =     0.0
 Etot   =    -61306.2346  EKtot   =     15065.1104  EPtot      =    -76371.3449
 BOND   =       386.6559  ANGLE   =      1172.3322  DIHED      =      1403.6356
 1-4 NB =       409.2460  1-4 EEL =      4888.3052  VDWAALS    =      9859.8736
 EELEC  =    -94491.3934  EHBOND  =         0.0000  RESTRAINT  =         0.0000
 EKCMT  =         0.0000  VIRIAL  =         0.0000  VOLUME     =    250934.7891
                                                    Density    =         1.0075
 ------------------------------------------------------------------------------


 NSTEP =    90000   TIME(PS) =     280.000  TEMP(K) =   300.74  PRESS =     0.0
 Etot   =    -61111.3280  EKtot   =     15188.3018  EPtot      =    -76299.6297
 BOND   =       360.7195  ANGLE   =      1214.1244  DIHED      =      1383.1022
 1-4 NB =       424.9195  1-4 EEL =      4874.0916  VDWAALS    =      9818.0166
 EELEC  =    -94374.6035  EHBOND  =         0.0000  RESTRAINT  =         0.0000
 EKCMT  =         0.0000  VIRIAL  =         0.0000  VOLUME     =    249715.6997
                                                    Density    =         1.0124
 ------------------------------------------------------------------------------

| MC Barostat: Decreasing size of volume moves

 NSTEP =   100000   TIME(PS) =     300.000  TEMP(K) =   303.06  PRESS =     0.0
 Etot   =    -60872.5194  EKtot   =     15305.7559  EPtot      =    -76178.2752
 BOND   =       353.9359  ANGLE   =      1222.9571  DIHED      =      1425.3486
 1-4 NB =       434.1166  1-4 EEL =      4922.2084  VDWAALS    =      9825.8802
 EELEC  =    -94362.7219  EHBOND  =         0.0000  RESTRAINT  =         0.0000
 EKCMT  =         0.0000  VIRIAL  =         0.0000  VOLUME     =    250512.8299
                                                    Density    =         1.0092
 ------------------------------------------------------------------------------


 NSTEP =   110000   TIME(PS) =     320.000  TEMP(K) =   302.75  PRESS =     0.0
 Etot   =    -60824.7142  EKtot   =     15289.6797  EPtot      =    -76114.3939
 BOND   =       347.1457  ANGLE   =      1223.6015  DIHED      =      1436.3373
 1-4 NB =       418.3332  1-4 EEL =      4926.0450  VDWAALS    =     10001.9936
 EELEC  =    -94467.8502  EHBOND  =         0.0000  RESTRAINT  =         0.0000
 EKCMT  =         0.0000  VIRIAL  =         0.0000  VOLUME     =    251516.7494
                                                    Density    =         1.0052
 ------------------------------------------------------------------------------


 NSTEP =   120000   TIME(PS) =     340.000  TEMP(K) =   299.34  PRESS =     0.0
 Etot   =    -61333.8449  EKtot   =     15117.6152  EPtot      =    -76451.4602
 BOND   =       334.1869  ANGLE   =      1204.5641  DIHED      =      1420.8507
 1-4 NB =       416.2300  1-4 EEL =      4905.4163  VDWAALS    =      9840.5977
 EELEC  =    -94573.3060  EHBOND  =         0.0000  RESTRAINT  =         0.0000
 EKCMT  =         0.0000  VIRIAL  =         0.0000  VOLUME     =    250663.7082
                                                    Density    =         1.0086
 ------------------------------------------------------------------------------

| MC Barostat: Decreasing size of volume moves
| MC Barostat: Decreasing size of volume moves

 NSTEP =   130000   TIME(PS) =     360.000  TEMP(K) =   300.60  PRESS =     0.0
 Etot   =    -61021.4882  EKtot   =     15181.5986  EPtot      =    -76203.0869
 BOND   =       327.3123  ANGLE   =      1215.0118  DIHED      =      1418.0348
 1-4 NB =       438.3643  1-4 EEL =      4959.5781  VDWAALS    =     10003.1590
 EELEC  =    -94564.5472  EHBOND  =         0.0000  RESTRAINT  =         0.0000
 EKCMT  =         0.0000  VIRIAL  =         0.0000  VOLUME     =    252199.8631
                                                    Density    =         1.0024
 ------------------------------------------------------------------------------


 NSTEP =   140000   TIME(PS) =     380.000  TEMP(K) =   301.60  PRESS =     0.0
 Etot   =    -60954.3254  EKtot   =     15231.7598  EPtot      =    -76186.0851
 BOND   =       321.9135  ANGLE   =      1201.9201  DIHED      =      1428.4127
 1-4 NB =       441.1531  1-4 EEL =      4966.2630  VDWAALS    =     10045.2647
 EELEC  =    -94591.0124  EHBOND  =         0.0000  RESTRAINT  =         0.0000
 EKCMT  =         0.0000  VIRIAL  =         0.0000  VOLUME     =    250114.7490
                                                    Density    =         1.0108
 ------------------------------------------------------------------------------


 NSTEP =   150000   TIME(PS) =     400.000  TEMP(K) =   300.78  PRESS =     0.0
 Etot   =    -61046.7049  EKtot   =     15190.4932  EPtot      =    -76237.1980
 BOND   =       355.1836  ANGLE   =      1252.7197  DIHED      =      1416.8833
 1-4 NB =       416.0045  1-4 EEL =      4909.2579  VDWAALS    =      9795.6757
 EELEC  =    -94382.9227  EHBOND  =         0.0000  RESTRAINT  =         0.0000
 EKCMT  =         0.0000  VIRIAL  =         0.0000  VOLUME     =    250833.0434
                                                    Density    =         1.0079
 ------------------------------------------------------------------------------


 NSTEP =   160000   TIME(PS) =     420.000  TEMP(K) =   299.98  PRESS =     0.0
 Etot   =    -61171.8520  EKtot   =     15150.0381  EPtot      =    -76321.8901
 BOND   =       359.7034  ANGLE   =      1209.8755  DIHED      =      1440.7222
 1-4 NB =       445.2136  1-4 EEL =      4902.1767  VDWAALS    =     10001.7969
 EELEC  =    -94681.3784  EHBOND  =         0.0000  RESTRAINT  =         0.0000
 EKCMT  =         0.0000  VIRIAL  =         0.0000  VOLUME     =    251154.8411
                                                    Density    =         1.0066
 ------------------------------------------------------------------------------


 NSTEP =   170000   TIME(PS) =     440.000  TEMP(K) =   295.22  PRESS =     0.0
 Etot   =    -61592.9134  EKtot   =     14909.6533  EPtot      =    -76502.5667
 BOND   =       328.9059  ANGLE   =      1231.7171  DIHED      =      1416.1179
 1-4 NB =       429.8394  1-4 EEL =      4881.4799  VDWAALS    =      9979.9906
 EELEC  =    -94770.6177  EHBOND  =         0.0000  RESTRAINT  =         0.0000
 EKCMT  =         0.0000  VIRIAL  =         0.0000  VOLUME     =    250448.7591
                                                    Density    =         1.0094
 ------------------------------------------------------------------------------


 NSTEP =   180000   TIME(PS) =     460.000  TEMP(K) =   300.07  PRESS =     0.0
 Etot   =    -61162.1634  EKtot   =     15154.4805  EPtot      =    -76316.6439
 BOND   =       367.9552  ANGLE   =      1208.5829  DIHED      =      1419.7879
 1-4 NB =       413.7842  1-4 EEL =      4910.2928  VDWAALS    =      9788.4437
 EELEC  =    -94425.4907  EHBOND  =         0.0000  RESTRAINT  =         0.0000
 EKCMT  =         0.0000  VIRIAL  =         0.0000  VOLUME     =    249894.5229
                                                    Density    =         1.0117
 ------------------------------------------------------------------------------


 NSTEP =   190000   TIME(PS) =     480.000  TEMP(K) =   299.85  PRESS =     0.0
 Etot   =    -61304.3401  EKtot   =     15143.6064  EPtot      =    -76447.9466
 BOND   =       334.1299  ANGLE   =      1245.0641  DIHED      =      1424.0408
 1-4 NB =       420.6039  1-4 EEL =      4883.3513  VDWAALS    =     10007.8112
 EELEC  =    -94762.9477  EHBOND  =         0.0000  RESTRAINT  =         0.0000
 EKCMT  =         0.0000  VIRIAL  =         0.0000  VOLUME     =    250064.0141
                                                    Density    =         1.0110
 ------------------------------------------------------------------------------


 NSTEP =   200000   TIME(PS) =     500.000  TEMP(K) =   301.49  PRESS =     0.0
 Etot   =    -60898.4888  EKtot   =     15226.3779  EPtot      =    -76124.8667
 BOND   =       370.8912  ANGLE   =      1210.6347  DIHED      =      1413.0457
 1-4 NB =       417.1433  1-4 EEL =      4896.1462  VDWAALS    =      9561.8929
 EELEC  =    -93994.6207  EHBOND  =         0.0000  RESTRAINT  =         0.0000
 EKCMT  =         0.0000  VIRIAL  =         0.0000  VOLUME     =    250542.1901
                                                    Density    =         1.0091
 ------------------------------------------------------------------------------


 NSTEP =   210000   TIME(PS) =     520.000  TEMP(K) =   302.43  PRESS =     0.0
 Etot   =    -61233.4042  EKtot   =     15273.6533  EPtot      =    -76507.0575
 BOND   =       340.4140  ANGLE   =      1193.4167  DIHED      =      1420.7087
 1-4 NB =       425.5745  1-4 EEL =      4934.0163  VDWAALS    =     10057.8167
 EELEC  =    -94879.0044  EHBOND  =         0.0000  RESTRAINT  =         0.0000
 EKCMT  =         0.0000  VIRIAL  =         0.0000  VOLUME     =    249691.7007
                                                    Density    =         1.0125
 ------------------------------------------------------------------------------


 NSTEP =   220000   TIME(PS) =     540.000  TEMP(K) =   298.23  PRESS =     0.0
 Etot   =    -61399.7528  EKtot   =     15061.6562  EPtot      =    -76461.4090
 BOND   =       354.0730  ANGLE   =      1179.7222  DIHED      =      1410.4634
 1-4 NB =       432.6559  1-4 EEL =      4926.4528  VDWAALS    =     10053.6338
 EELEC  =    -94818.4101  EHBOND  =         0.0000  RESTRAINT  =         0.0000
 EKCMT  =         0.0000  VIRIAL  =         0.0000  VOLUME     =    249700.3431
                                                    Density    =         1.0125
 ------------------------------------------------------------------------------


 NSTEP =   230000   TIME(PS) =     560.000  TEMP(K) =   300.34  PRESS =     0.0
 Etot   =    -60983.5770  EKtot   =     15168.0625  EPtot      =    -76151.6395
 BOND   =       378.2891  ANGLE   =      1225.1255  DIHED      =      1415.2170
 1-4 NB =       415.5480  1-4 EEL =      4852.9392  VDWAALS    =      9686.7659
 EELEC  =    -94125.5241  EHBOND  =         0.0000  RESTRAINT  =         0.0000
 EKCMT  =         0.0000  VIRIAL  =         0.0000  VOLUME     =    251518.5759
                                                    Density    =         1.0052
 ------------------------------------------------------------------------------


 NSTEP =   240000   TIME(PS) =     580.000  TEMP(K) =   300.74  PRESS =     0.0
 Etot   =    -61273.5598  EKtot   =     15188.6465  EPtot      =    -76462.2063
 BOND   =       369.9617  ANGLE   =      1215.9988  DIHED      =      1423.6958
 1-4 NB =       422.4843  1-4 EEL =      4978.0404  VDWAALS    =      9715.1370
 EELEC  =    -94587.5242  EHBOND  =         0.0000  RESTRAINT  =         0.0000
 EKCMT  =         0.0000  VIRIAL  =         0.0000  VOLUME     =    250862.6059
                                                    Density    =         1.0078
 ------------------------------------------------------------------------------


 NSTEP =   250000   TIME(PS) =     600.000  TEMP(K) =   299.76  PRESS =     0.0
 Etot   =    -61105.3547  EKtot   =     15139.1494  EPtot      =    -76244.5041
 BOND   =       339.2072  ANGLE   =      1212.8403  DIHED      =      1420.7651
 1-4 NB =       441.8993  1-4 EEL =      4953.7207  VDWAALS    =      9834.6762
 EELEC  =    -94447.6129  EHBOND  =         0.0000  RESTRAINT  =         0.0000
 EKCMT  =         0.0000  VIRIAL  =         0.0000  VOLUME     =    250319.0496
                                                    Density    =         1.0100
 ------------------------------------------------------------------------------


 NSTEP =   260000   TIME(PS) =     620.000  TEMP(K) =   304.11  PRESS =     0.0
 Etot   =    -61151.5846  EKtot   =     15358.8076  EPtot      =    -76510.3922
 BOND   =       337.8987  ANGLE   =      1245.8959  DIHED      =      1386.4975
 1-4 NB =       432.0301  1-4 EEL =      4871.9073  VDWAALS    =      9989.1500
 EELEC  =    -94773.7717  EHBOND  =         0.0000  RESTRAINT  =         0.0000
 EKCMT  =         0.0000  VIRIAL  =         0.0000  VOLUME     =    250991.8828
                                                    Density    =         1.0073
 ------------------------------------------------------------------------------


 NSTEP =   270000   TIME(PS) =     640.000  TEMP(K) =   301.29  PRESS =     0.0
 Etot   =    -61281.3344  EKtot   =     15216.2998  EPtot      =    -76497.6342
 BOND   =       372.3715  ANGLE   =      1205.8202  DIHED      =      1422.4880
 1-4 NB =       415.6245  1-4 EEL =      4911.9474  VDWAALS    =      9891.8258
 EELEC  =    -94717.7116  EHBOND  =         0.0000  RESTRAINT  =         0.0000
 EKCMT  =         0.0000  VIRIAL  =         0.0000  VOLUME     =    250246.2143
                                                    Density    =         1.0103
 ------------------------------------------------------------------------------


 NSTEP =   280000   TIME(PS) =     660.000  TEMP(K) =   299.44  PRESS =     0.0
 Etot   =    -61406.7089  EKtot   =     15122.9619  EPtot      =    -76529.6708
 BOND   =       381.4496  ANGLE   =      1164.7474  DIHED      =      1418.8592
 1-4 NB =       435.8755  1-4 EEL =      4911.4475  VDWAALS    =      9841.9450
 EELEC  =    -94683.9949  EHBOND  =         0.0000  RESTRAINT  =         0.0000
 EKCMT  =         0.0000  VIRIAL  =         0.0000  VOLUME     =    250151.9698
                                                    Density    =         1.0106
 ------------------------------------------------------------------------------


 NSTEP =   290000   TIME(PS) =     680.000  TEMP(K) =   299.38  PRESS =     0.0
 Etot   =    -61180.4280  EKtot   =     15119.5254  EPtot      =    -76299.9534
 BOND   =       348.0001  ANGLE   =      1200.5176  DIHED      =      1429.1105
 1-4 NB =       429.2752  1-4 EEL =      4900.8440  VDWAALS    =     10045.2729
 EELEC  =    -94652.9737  EHBOND  =         0.0000  RESTRAINT  =         0.0000
 EKCMT  =         0.0000  VIRIAL  =         0.0000  VOLUME     =    250291.6739
                                                    Density    =         1.0101
 ------------------------------------------------------------------------------


 NSTEP =   300000   TIME(PS) =     700.000  TEMP(K) =   301.40  PRESS =     0.0
 Etot   =    -61392.9380  EKtot   =     15221.5840  EPtot      =    -76614.5219
 BOND   =       368.7128  ANGLE   =      1206.1828  DIHED      =      1412.9619
 1-4 NB =       420.9486  1-4 EEL =      4917.0073  VDWAALS    =      9885.2658
 EELEC  =    -94825.6012  EHBOND  =         0.0000  RESTRAINT  =         0.0000
 EKCMT  =         0.0000  VIRIAL  =         0.0000  VOLUME     =    251243.1665
                                                    Density    =         1.0063
 ------------------------------------------------------------------------------


 NSTEP =   310000   TIME(PS) =     720.000  TEMP(K) =   298.83  PRESS =     0.0
 Etot   =    -61270.8991  EKtot   =     15091.8555  EPtot      =    -76362.7546
 BOND   =       367.5172  ANGLE   =      1209.7788  DIHED      =      1414.0298
 1-4 NB =       438.6896  1-4 EEL =      4894.8512  VDWAALS    =      9659.2716
 EELEC  =    -94346.8928  EHBOND  =         0.0000  RESTRAINT  =         0.0000
 EKCMT  =         0.0000  VIRIAL  =         0.0000  VOLUME     =    251406.5326
                                                    Density    =         1.0056
 ------------------------------------------------------------------------------


 NSTEP =   320000   TIME(PS) =     740.000  TEMP(K) =   298.95  PRESS =     0.0
 Etot   =    -61194.0466  EKtot   =     15097.9844  EPtot      =    -76292.0310
 BOND   =       376.1638  ANGLE   =      1255.7666  DIHED      =      1416.6192
 1-4 NB =       412.1447  1-4 EEL =      4875.1783  VDWAALS    =      9993.8380
 EELEC  =    -94621.7416  EHBOND  =         0.0000  RESTRAINT  =         0.0000
 EKCMT  =         0.0000  VIRIAL  =         0.0000  VOLUME     =    249864.3555
                                                    Density    =         1.0118
 ------------------------------------------------------------------------------


 NSTEP =   330000   TIME(PS) =     760.000  TEMP(K) =   298.12  PRESS =     0.0
 Etot   =    -61524.1040  EKtot   =     15055.8643  EPtot      =    -76579.9683
 BOND   =       353.3533  ANGLE   =      1226.5097  DIHED      =      1427.4962
 1-4 NB =       414.8028  1-4 EEL =      4935.0347  VDWAALS    =      9859.1751
 EELEC  =    -94796.3401  EHBOND  =         0.0000  RESTRAINT  =         0.0000
 EKCMT  =         0.0000  VIRIAL  =         0.0000  VOLUME     =    249695.3058
                                                    Density    =         1.0125
 ------------------------------------------------------------------------------


 NSTEP =   340000   TIME(PS) =     780.000  TEMP(K) =   301.40  PRESS =     0.0
 Etot   =    -61146.8962  EKtot   =     15221.6992  EPtot      =    -76368.5954
 BOND   =       366.5696  ANGLE   =      1268.5175  DIHED      =      1412.8129
 1-4 NB =       418.0717  1-4 EEL =      4906.2921  VDWAALS    =     10008.4753
 EELEC  =    -94749.3344  EHBOND  =         0.0000  RESTRAINT  =         0.0000
 EKCMT  =         0.0000  VIRIAL  =         0.0000  VOLUME     =    251993.0124
                                                    Density    =         1.0033
 ------------------------------------------------------------------------------


 NSTEP =   350000   TIME(PS) =     800.000  TEMP(K) =   297.74  PRESS =     0.0
 Etot   =    -61260.4212  EKtot   =     15036.9570  EPtot      =    -76297.3782
 BOND   =       345.3713  ANGLE   =      1248.8704  DIHED      =      1429.6687
 1-4 NB =       442.2970  1-4 EEL =      4921.1781  VDWAALS    =      9740.4277
 EELEC  =    -94425.1915  EHBOND  =         0.0000  RESTRAINT  =         0.0000
 EKCMT  =         0.0000  VIRIAL  =         0.0000  VOLUME     =    250518.4343
                                                    Density    =         1.0092
 ------------------------------------------------------------------------------


 NSTEP =   360000   TIME(PS) =     820.000  TEMP(K) =   302.26  PRESS =     0.0
 Etot   =    -61270.7738  EKtot   =     15264.9756  EPtot      =    -76535.7494
 BOND   =       356.6042  ANGLE   =      1200.0178  DIHED      =      1408.5432
 1-4 NB =       422.7461  1-4 EEL =      4878.9462  VDWAALS    =     10096.5879
 EELEC  =    -94899.1949  EHBOND  =         0.0000  RESTRAINT  =         0.0000
 EKCMT  =         0.0000  VIRIAL  =         0.0000  VOLUME     =    250669.3564
                                                    Density    =         1.0086
 ------------------------------------------------------------------------------


 NSTEP =   370000   TIME(PS) =     840.000  TEMP(K) =   299.55  PRESS =     0.0
 Etot   =    -61450.5462  EKtot   =     15128.5303  EPtot      =    -76579.0765
 BOND   =       360.6970  ANGLE   =      1250.9895  DIHED      =      1404.7295
 1-4 NB =       404.5581  1-4 EEL =      4885.2572  VDWAALS    =      9752.6336
 EELEC  =    -94637.9415  EHBOND  =         0.0000  RESTRAINT  =         0.0000
 EKCMT  =         0.0000  VIRIAL  =         0.0000  VOLUME     =    249563.0983
                                                    Density    =         1.0130
 ------------------------------------------------------------------------------


 NSTEP =   380000   TIME(PS) =     860.000  TEMP(K) =   300.89  PRESS =     0.0
 Etot   =    -61266.8704  EKtot   =     15195.9170  EPtot      =    -76462.7874
 BOND   =       368.6054  ANGLE   =      1212.3909  DIHED      =      1387.1386
 1-4 NB =       424.9045  1-4 EEL =      4891.4245  VDWAALS    =      9733.8589
 EELEC  =    -94481.1101  EHBOND  =         0.0000  RESTRAINT  =         0.0000
 EKCMT  =         0.0000  VIRIAL  =         0.0000  VOLUME     =    251150.2402
                                                    Density    =         1.0066
 ------------------------------------------------------------------------------


 NSTEP =   390000   TIME(PS) =     880.000  TEMP(K) =   300.94  PRESS =     0.0
 Etot   =    -61219.4237  EKtot   =     15198.5791  EPtot      =    -76418.0028
 BOND   =       341.6392  ANGLE   =      1218.2370  DIHED      =      1407.9647
 1-4 NB =       426.8967  1-4 EEL =      4849.8680  VDWAALS    =      9833.6673
 EELEC  =    -94496.2757  EHBOND  =         0.0000  RESTRAINT  =         0.0000
 EKCMT  =         0.0000  VIRIAL  =         0.0000  VOLUME     =    253062.3554
                                                    Density    =         0.9990
 ------------------------------------------------------------------------------


 NSTEP =   400000   TIME(PS) =     900.000  TEMP(K) =   301.39  PRESS =     0.0
 Etot   =    -61331.5541  EKtot   =     15221.2910  EPtot      =    -76552.8452
 BOND   =       358.4495  ANGLE   =      1207.5743  DIHED      =      1426.2054
 1-4 NB =       426.3977  1-4 EEL =      4880.3930  VDWAALS    =      9829.1478
 EELEC  =    -94681.0129  EHBOND  =         0.0000  RESTRAINT  =         0.0000
 EKCMT  =         0.0000  VIRIAL  =         0.0000  VOLUME     =    250536.9435
                                                    Density    =         1.0091
 ------------------------------------------------------------------------------


 NSTEP =   410000   TIME(PS) =     920.000  TEMP(K) =   298.89  PRESS =     0.0
 Etot   =    -61742.8445  EKtot   =     15095.0615  EPtot      =    -76837.9060
 BOND   =       354.2584  ANGLE   =      1204.7162  DIHED      =      1404.4349
 1-4 NB =       419.0864  1-4 EEL =      4885.8443  VDWAALS    =     10002.1677
 EELEC  =    -95108.4141  EHBOND  =         0.0000  RESTRAINT  =         0.0000
 EKCMT  =         0.0000  VIRIAL  =         0.0000  VOLUME     =    251153.7090
                                                    Density    =         1.0066
 ------------------------------------------------------------------------------


 NSTEP =   420000   TIME(PS) =     940.000  TEMP(K) =   303.83  PRESS =     0.0
 Etot   =    -61163.2839  EKtot   =     15344.4541  EPtot      =    -76507.7380
 BOND   =       355.0917  ANGLE   =      1208.8882  DIHED      =      1401.6429
 1-4 NB =       413.6096  1-4 EEL =      4890.6435  VDWAALS    =      9884.8612
 EELEC  =    -94662.4751  EHBOND  =         0.0000  RESTRAINT  =         0.0000
 EKCMT  =         0.0000  VIRIAL  =         0.0000  VOLUME     =    251497.9032
                                                    Density    =         1.0052
 ------------------------------------------------------------------------------


 NSTEP =   430000   TIME(PS) =     960.000  TEMP(K) =   300.84  PRESS =     0.0
 Etot   =    -61461.4581  EKtot   =     15193.4424  EPtot      =    -76654.9005
 BOND   =       362.3589  ANGLE   =      1200.8199  DIHED      =      1441.4156
 1-4 NB =       427.3274  1-4 EEL =      4938.6943  VDWAALS    =     10065.5801
 EELEC  =    -95091.0966  EHBOND  =         0.0000  RESTRAINT  =         0.0000
 EKCMT  =         0.0000  VIRIAL  =         0.0000  VOLUME     =    250023.4787
                                                    Density    =         1.0112
 ------------------------------------------------------------------------------


 NSTEP =   440000   TIME(PS) =     980.000  TEMP(K) =   302.31  PRESS =     0.0
 Etot   =    -61446.9657  EKtot   =     15267.7090  EPtot      =    -76714.6747
 BOND   =       336.1383  ANGLE   =      1215.5214  DIHED      =      1414.6793
 1-4 NB =       422.2324  1-4 EEL =      4926.5424  VDWAALS    =      9662.9490
 EELEC  =    -94692.7375  EHBOND  =         0.0000  RESTRAINT  =         0.0000
 EKCMT  =         0.0000  VIRIAL  =         0.0000  VOLUME     =    250776.2453
                                                    Density    =         1.0081
 ------------------------------------------------------------------------------


 NSTEP =   450000   TIME(PS) =    1000.000  TEMP(K) =   296.72  PRESS =     0.0
 Etot   =    -61347.8706  EKtot   =     14985.4678  EPtot      =    -76333.3384
 BOND   =       346.0356  ANGLE   =      1238.5151  DIHED      =      1439.1372
 1-4 NB =       419.0751  1-4 EEL =      4892.5266  VDWAALS    =      9724.8592
 EELEC  =    -94393.4871  EHBOND  =         0.0000  RESTRAINT  =         0.0000
 EKCMT  =         0.0000  VIRIAL  =         0.0000  VOLUME     =    250585.0024
                                                    Density    =         1.0089
 ------------------------------------------------------------------------------


 NSTEP =   460000   TIME(PS) =    1020.000  TEMP(K) =   298.17  PRESS =     0.0
 Etot   =    -61574.7988  EKtot   =     15058.3887  EPtot      =    -76633.1875
 BOND   =       372.8326  ANGLE   =      1230.9960  DIHED      =      1403.0945
 1-4 NB =       426.9378  1-4 EEL =      4877.7649  VDWAALS    =     10021.3716
 EELEC  =    -94966.1849  EHBOND  =         0.0000  RESTRAINT  =         0.0000
 EKCMT  =         0.0000  VIRIAL  =         0.0000  VOLUME     =    250777.1452
                                                    Density    =         1.0081
 ------------------------------------------------------------------------------


 NSTEP =   470000   TIME(PS) =    1040.000  TEMP(K) =   302.40  PRESS =     0.0
 Etot   =    -61164.6558  EKtot   =     15272.0244  EPtot      =    -76436.6802
 BOND   =       358.6371  ANGLE   =      1204.7818  DIHED      =      1407.8317
 1-4 NB =       427.7406  1-4 EEL =      4941.3733  VDWAALS    =      9947.8315
 EELEC  =    -94724.8762  EHBOND  =         0.0000  RESTRAINT  =         0.0000
 EKCMT  =         0.0000  VIRIAL  =         0.0000  VOLUME     =    250737.5507
                                                    Density    =         1.0083
 ------------------------------------------------------------------------------


 NSTEP =   480000   TIME(PS) =    1060.000  TEMP(K) =   297.82  PRESS =     0.0
 Etot   =    -61315.1185  EKtot   =     15041.1963  EPtot      =    -76356.3148
 BOND   =       364.6373  ANGLE   =      1204.4497  DIHED      =      1405.0629
 1-4 NB =       426.4227  1-4 EEL =      4910.2909  VDWAALS    =      9972.2849
 EELEC  =    -94639.4631  EHBOND  =         0.0000  RESTRAINT  =         0.0000
 EKCMT  =         0.0000  VIRIAL  =         0.0000  VOLUME     =    250361.1258
                                                    Density    =         1.0098
 ------------------------------------------------------------------------------


 NSTEP =   490000   TIME(PS) =    1080.000  TEMP(K) =   298.62  PRESS =     0.0
 Etot   =    -61499.1452  EKtot   =     15081.5703  EPtot      =    -76580.7155
 BOND   =       341.0366  ANGLE   =      1223.2184  DIHED      =      1393.4957
 1-4 NB =       424.0484  1-4 EEL =      4878.2092  VDWAALS    =      9955.8625
 EELEC  =    -94796.5862  EHBOND  =         0.0000  RESTRAINT  =         0.0000
 EKCMT  =         0.0000  VIRIAL  =         0.0000  VOLUME     =    250186.2803
                                                    Density    =         1.0105
 ------------------------------------------------------------------------------


 NSTEP =   500000   TIME(PS) =    1100.000  TEMP(K) =   301.57  PRESS =     0.0
 Etot   =    -61176.7944  EKtot   =     15230.4219  EPtot      =    -76407.2163
 BOND   =       353.4569  ANGLE   =      1185.0579  DIHED      =      1413.5198
 1-4 NB =       439.4321  1-4 EEL =      4868.6418  VDWAALS    =      9983.9614
 EELEC  =    -94651.2862  EHBOND  =         0.0000  RESTRAINT  =         0.0000
 EKCMT  =         0.0000  VIRIAL  =         0.0000  VOLUME     =    250322.7474
                                                    Density    =         1.0100
 ------------------------------------------------------------------------------


 NSTEP =   510000   TIME(PS) =    1120.000  TEMP(K) =   299.48  PRESS =     0.0
 Etot   =    -61456.7786  EKtot   =     15124.9590  EPtot      =    -76581.7376
 BOND   =       359.5717  ANGLE   =      1187.3699  DIHED      =      1403.0213
 1-4 NB =       425.6722  1-4 EEL =      4878.4312  VDWAALS    =      9766.6913
 EELEC  =    -94602.4953  EHBOND  =         0.0000  RESTRAINT  =         0.0000
 EKCMT  =         0.0000  VIRIAL  =         0.0000  VOLUME     =    250485.4863
                                                    Density    =         1.0093
 ------------------------------------------------------------------------------


 NSTEP =   520000   TIME(PS) =    1140.000  TEMP(K) =   300.02  PRESS =     0.0
 Etot   =    -61163.3525  EKtot   =     15152.2510  EPtot      =    -76315.6035
 BOND   =       335.0962  ANGLE   =      1220.9172  DIHED      =      1409.2400
 1-4 NB =       423.4109  1-4 EEL =      4870.6099  VDWAALS    =      9902.8386
 EELEC  =    -94477.7164  EHBOND  =         0.0000  RESTRAINT  =         0.0000
 EKCMT  =         0.0000  VIRIAL  =         0.0000  VOLUME     =    249813.6551
                                                    Density    =         1.0120
 ------------------------------------------------------------------------------


 NSTEP =   530000   TIME(PS) =    1160.000  TEMP(K) =   302.81  PRESS =     0.0
 Etot   =    -61079.1824  EKtot   =     15292.7930  EPtot      =    -76371.9754
 BOND   =       332.6149  ANGLE   =      1219.9897  DIHED      =      1415.6959
 1-4 NB =       422.3325  1-4 EEL =      4906.6429  VDWAALS    =      9835.5288
 EELEC  =    -94504.7800  EHBOND  =         0.0000  RESTRAINT  =         0.0000
 EKCMT  =         0.0000  VIRIAL  =         0.0000  VOLUME     =    251141.5765
                                                    Density    =         1.0067
 ------------------------------------------------------------------------------


 NSTEP =   540000   TIME(PS) =    1180.000  TEMP(K) =   299.87  PRESS =     0.0
 Etot   =    -61320.2871  EKtot   =     15144.4883  EPtot      =    -76464.7754
 BOND   =       363.3602  ANGLE   =      1211.1219  DIHED      =      1398.0256
 1-4 NB =       429.9837  1-4 EEL =      4863.1583  VDWAALS    =      9953.4127
 EELEC  =    -94683.8377  EHBOND  =         0.0000  RESTRAINT  =         0.0000
 EKCMT  =         0.0000  VIRIAL  =         0.0000  VOLUME     =    250980.0227
                                                    Density    =         1.0073
 ------------------------------------------------------------------------------


 NSTEP =   550000   TIME(PS) =    1200.000  TEMP(K) =   298.85  PRESS =     0.0
 Etot   =    -61365.6714  EKtot   =     15092.7891  EPtot      =    -76458.4605
 BOND   =       331.4218  ANGLE   =      1217.8441  DIHED      =      1403.4283
 1-4 NB =       450.5128  1-4 EEL =      4912.6722  VDWAALS    =      9930.8948
 EELEC  =    -94705.2345  EHBOND  =         0.0000  RESTRAINT  =         0.0000
 EKCMT  =         0.0000  VIRIAL  =         0.0000  VOLUME     =    251332.8221
                                                    Density    =         1.0059
 ------------------------------------------------------------------------------


 NSTEP =   560000   TIME(PS) =    1220.000  TEMP(K) =   298.06  PRESS =     0.0
 Etot   =    -61374.7605  EKtot   =     15053.2949  EPtot      =    -76428.0554
 BOND   =       310.9992  ANGLE   =      1253.7376  DIHED      =      1431.0006
 1-4 NB =       437.3838  1-4 EEL =      4878.1982  VDWAALS    =     10103.1163
 EELEC  =    -94842.4912  EHBOND  =         0.0000  RESTRAINT  =         0.0000
 EKCMT  =         0.0000  VIRIAL  =         0.0000  VOLUME     =    249540.2950
                                                    Density    =         1.0131
 ------------------------------------------------------------------------------


 NSTEP =   570000   TIME(PS) =    1240.000  TEMP(K) =   297.27  PRESS =     0.0
 Etot   =    -61640.4352  EKtot   =     15013.1348  EPtot      =    -76653.5699
 BOND   =       349.3490  ANGLE   =      1190.0017  DIHED      =      1388.7088
 1-4 NB =       431.8198  1-4 EEL =      4877.9007  VDWAALS    =     10004.8910
 EELEC  =    -94896.2410  EHBOND  =         0.0000  RESTRAINT  =         0.0000
 EKCMT  =         0.0000  VIRIAL  =         0.0000  VOLUME     =    250610.3080
                                                    Density    =         1.0088
 ------------------------------------------------------------------------------


 NSTEP =   580000   TIME(PS) =    1260.000  TEMP(K) =   298.91  PRESS =     0.0
 Etot   =    -61461.0962  EKtot   =     15096.1865  EPtot      =    -76557.2827
 BOND   =       381.7654  ANGLE   =      1190.3421  DIHED      =      1406.8298
 1-4 NB =       415.9928  1-4 EEL =      4932.8423  VDWAALS    =      9715.0680
 EELEC  =    -94600.1231  EHBOND  =         0.0000  RESTRAINT  =         0.0000
 EKCMT  =         0.0000  VIRIAL  =         0.0000  VOLUME     =    250944.9919
                                                    Density    =         1.0074
 ------------------------------------------------------------------------------


 NSTEP =   590000   TIME(PS) =    1280.000  TEMP(K) =   299.39  PRESS =     0.0
 Etot   =    -61209.0763  EKtot   =     15120.0986  EPtot      =    -76329.1750
 BOND   =       370.2405  ANGLE   =      1233.3153  DIHED      =      1433.3321
 1-4 NB =       421.5281  1-4 EEL =      4898.9583  VDWAALS    =     10011.3973
 EELEC  =    -94697.9465  EHBOND  =         0.0000  RESTRAINT  =         0.0000
 EKCMT  =         0.0000  VIRIAL  =         0.0000  VOLUME     =    251504.0885
                                                    Density    =         1.0052
 ------------------------------------------------------------------------------


 NSTEP =   600000   TIME(PS) =    1300.000  TEMP(K) =   302.46  PRESS =     0.0
 Etot   =    -61341.3723  EKtot   =     15275.1758  EPtot      =    -76616.5481
 BOND   =       365.6603  ANGLE   =      1194.9106  DIHED      =      1414.4669
 1-4 NB =       428.7524  1-4 EEL =      4874.5980  VDWAALS    =      9886.5643
 EELEC  =    -94781.5007  EHBOND  =         0.0000  RESTRAINT  =         0.0000
 EKCMT  =         0.0000  VIRIAL  =         0.0000  VOLUME     =    249634.3200
                                                    Density    =         1.0127
 ------------------------------------------------------------------------------


 NSTEP =   610000   TIME(PS) =    1320.000  TEMP(K) =   300.47  PRESS =     0.0
 Etot   =    -61396.6287  EKtot   =     15174.8066  EPtot      =    -76571.4354
 BOND   =       369.1117  ANGLE   =      1211.6491  DIHED      =      1401.0623
 1-4 NB =       427.5667  1-4 EEL =      4891.2576  VDWAALS    =      9685.6596
 EELEC  =    -94557.7424  EHBOND  =         0.0000  RESTRAINT  =         0.0000
 EKCMT  =         0.0000  VIRIAL  =         0.0000  VOLUME     =    251159.6049
                                                    Density    =         1.0066
 ------------------------------------------------------------------------------


 NSTEP =   620000   TIME(PS) =    1340.000  TEMP(K) =   303.13  PRESS =     0.0
 Etot   =    -61088.8425  EKtot   =     15309.3643  EPtot      =    -76398.2067
 BOND   =       366.5529  ANGLE   =      1212.5615  DIHED      =      1402.3950
 1-4 NB =       421.7712  1-4 EEL =      4875.2204  VDWAALS    =     10041.5007
 EELEC  =    -94718.2083  EHBOND  =         0.0000  RESTRAINT  =         0.0000
 EKCMT  =         0.0000  VIRIAL  =         0.0000  VOLUME     =    250355.6709
                                                    Density    =         1.0098
 ------------------------------------------------------------------------------


 NSTEP =   630000   TIME(PS) =    1360.000  TEMP(K) =   301.85  PRESS =     0.0
 Etot   =    -61275.9377  EKtot   =     15244.3398  EPtot      =    -76520.2776
 BOND   =       345.0059  ANGLE   =      1244.7512  DIHED      =      1381.5598
 1-4 NB =       420.7619  1-4 EEL =      4902.5803  VDWAALS    =      9781.8131
 EELEC  =    -94596.7497  EHBOND  =         0.0000  RESTRAINT  =         0.0000
 EKCMT  =         0.0000  VIRIAL  =         0.0000  VOLUME     =    250456.7474
                                                    Density    =         1.0094
 ------------------------------------------------------------------------------


 NSTEP =   640000   TIME(PS) =    1380.000  TEMP(K) =   294.92  PRESS =     0.0
 Etot   =    -61607.2330  EKtot   =     14894.3203  EPtot      =    -76501.5533
 BOND   =       359.7783  ANGLE   =      1243.6523  DIHED      =      1395.2905
 1-4 NB =       419.7402  1-4 EEL =      4899.2281  VDWAALS    =      9913.2868
 EELEC  =    -94732.5295  EHBOND  =         0.0000  RESTRAINT  =         0.0000
 EKCMT  =         0.0000  VIRIAL  =         0.0000  VOLUME     =    250752.4900
                                                    Density    =         1.0082
 ------------------------------------------------------------------------------


 NSTEP =   650000   TIME(PS) =    1400.000  TEMP(K) =   300.41  PRESS =     0.0
 Etot   =    -61055.1218  EKtot   =     15171.6572  EPtot      =    -76226.7790
 BOND   =       330.9746  ANGLE   =      1205.8067  DIHED      =      1387.9036
 1-4 NB =       424.8712  1-4 EEL =      4885.6857  VDWAALS    =      9681.6195
 EELEC  =    -94143.6404  EHBOND  =         0.0000  RESTRAINT  =         0.0000
 EKCMT  =         0.0000  VIRIAL  =         0.0000  VOLUME     =    251204.1543
                                                    Density    =         1.0064
 ------------------------------------------------------------------------------


 NSTEP =   660000   TIME(PS) =    1420.000  TEMP(K) =   299.92  PRESS =     0.0
 Etot   =    -61375.9869  EKtot   =     15147.1768  EPtot      =    -76523.1637
 BOND   =       325.1165  ANGLE   =      1214.6109  DIHED      =      1396.9057
 1-4 NB =       431.1901  1-4 EEL =      4897.1183  VDWAALS    =     10208.8511
 EELEC  =    -94996.9564  EHBOND  =         0.0000  RESTRAINT  =         0.0000
 EKCMT  =         0.0000  VIRIAL  =         0.0000  VOLUME     =    250371.0549
                                                    Density    =         1.0098
 ------------------------------------------------------------------------------


 NSTEP =   670000   TIME(PS) =    1440.000  TEMP(K) =   301.15  PRESS =     0.0
 Etot   =    -61274.1703  EKtot   =     15209.3740  EPtot      =    -76483.5443
 BOND   =       366.1798  ANGLE   =      1236.0914  DIHED      =      1396.6565
 1-4 NB =       429.6262  1-4 EEL =      4948.2435  VDWAALS    =      9628.5732
 EELEC  =    -94488.9148  EHBOND  =         0.0000  RESTRAINT  =         0.0000
 EKCMT  =         0.0000  VIRIAL  =         0.0000  VOLUME     =    249376.8421
                                                    Density    =         1.0138
 ------------------------------------------------------------------------------


 NSTEP =   680000   TIME(PS) =    1460.000  TEMP(K) =   300.86  PRESS =     0.0
 Etot   =    -61191.2534  EKtot   =     15194.7217  EPtot      =    -76385.9751
 BOND   =       350.5596  ANGLE   =      1212.8370  DIHED      =      1408.7840
 1-4 NB =       425.8765  1-4 EEL =      4910.4899  VDWAALS    =      9962.1786
 EELEC  =    -94656.7007  EHBOND  =         0.0000  RESTRAINT  =         0.0000
 EKCMT  =         0.0000  VIRIAL  =         0.0000  VOLUME     =    250898.2779
                                                    Density    =         1.0076
 ------------------------------------------------------------------------------


 NSTEP =   690000   TIME(PS) =    1480.000  TEMP(K) =   301.77  PRESS =     0.0
 Etot   =    -61170.0334  EKtot   =     15240.2070  EPtot      =    -76410.2405
 BOND   =       370.5155  ANGLE   =      1203.8924  DIHED      =      1404.0962
 1-4 NB =       429.7267  1-4 EEL =      4919.9342  VDWAALS    =     10112.0677
 EELEC  =    -94850.4732  EHBOND  =         0.0000  RESTRAINT  =         0.0000
 EKCMT  =         0.0000  VIRIAL  =         0.0000  VOLUME     =    250997.0873
                                                    Density    =         1.0072
 ------------------------------------------------------------------------------


 NSTEP =   700000   TIME(PS) =    1500.000  TEMP(K) =   298.86  PRESS =     0.0
 Etot   =    -61586.1276  EKtot   =     15093.3330  EPtot      =    -76679.4606
 BOND   =       324.8387  ANGLE   =      1186.6094  DIHED      =      1393.1927
 1-4 NB =       416.3686  1-4 EEL =      4905.2615  VDWAALS    =      9984.5097
 EELEC  =    -94890.2412  EHBOND  =         0.0000  RESTRAINT  =         0.0000
 EKCMT  =         0.0000  VIRIAL  =         0.0000  VOLUME     =    250184.6532
                                                    Density    =         1.0105
 ------------------------------------------------------------------------------


 NSTEP =   710000   TIME(PS) =    1520.000  TEMP(K) =   302.38  PRESS =     0.0
 Etot   =    -61052.6396  EKtot   =     15271.1143  EPtot      =    -76323.7538
 BOND   =       371.3092  ANGLE   =      1198.6816  DIHED      =      1401.8022
 1-4 NB =       419.0253  1-4 EEL =      4898.2814  VDWAALS    =     10020.9940
 EELEC  =    -94633.8475  EHBOND  =         0.0000  RESTRAINT  =         0.0000
 EKCMT  =         0.0000  VIRIAL  =         0.0000  VOLUME     =    250856.7988
                                                    Density    =         1.0078
 ------------------------------------------------------------------------------


 NSTEP =   720000   TIME(PS) =    1540.000  TEMP(K) =   300.03  PRESS =     0.0
 Etot   =    -61349.7034  EKtot   =     15152.3291  EPtot      =    -76502.0325
 BOND   =       354.7180  ANGLE   =      1179.3055  DIHED      =      1395.9519
 1-4 NB =       437.9472  1-4 EEL =      4893.5826  VDWAALS    =      9828.9353
 EELEC  =    -94592.4729  EHBOND  =         0.0000  RESTRAINT  =         0.0000
 EKCMT  =         0.0000  VIRIAL  =         0.0000  VOLUME     =    250435.8529
                                                    Density    =         1.0095
 ------------------------------------------------------------------------------


 NSTEP =   730000   TIME(PS) =    1560.000  TEMP(K) =   298.23  PRESS =     0.0
 Etot   =    -61341.6717  EKtot   =     15061.7178  EPtot      =    -76403.3895
 BOND   =       345.6526  ANGLE   =      1242.3830  DIHED      =      1406.9499
 1-4 NB =       423.4414  1-4 EEL =      4888.7439  VDWAALS    =      9879.5412
 EELEC  =    -94590.1015  EHBOND  =         0.0000  RESTRAINT  =         0.0000
 EKCMT  =         0.0000  VIRIAL  =         0.0000  VOLUME     =    250261.8380
                                                    Density    =         1.0102
 ------------------------------------------------------------------------------


 NSTEP =   740000   TIME(PS) =    1580.000  TEMP(K) =   301.56  PRESS =     0.0
 Etot   =    -61055.7765  EKtot   =     15229.5967  EPtot      =    -76285.3732
 BOND   =       346.7035  ANGLE   =      1204.2428  DIHED      =      1399.8327
 1-4 NB =       421.9916  1-4 EEL =      4865.2549  VDWAALS    =      9865.6264
 EELEC  =    -94389.0251  EHBOND  =         0.0000  RESTRAINT  =         0.0000
 EKCMT  =         0.0000  VIRIAL  =         0.0000  VOLUME     =    250924.9011
                                                    Density    =         1.0075
 ------------------------------------------------------------------------------


 NSTEP =   750000   TIME(PS) =    1600.000  TEMP(K) =   299.40  PRESS =     0.0
 Etot   =    -61143.2186  EKtot   =     15120.6543  EPtot      =    -76263.8729
 BOND   =       347.2587  ANGLE   =      1192.4310  DIHED      =      1402.8588
 1-4 NB =       418.3504  1-4 EEL =      4883.5395  VDWAALS    =      9859.5494
 EELEC  =    -94367.8607  EHBOND  =         0.0000  RESTRAINT  =         0.0000
 EKCMT  =         0.0000  VIRIAL  =         0.0000  VOLUME     =    250751.1980
                                                    Density    =         1.0082
 ------------------------------------------------------------------------------


 NSTEP =   760000   TIME(PS) =    1620.000  TEMP(K) =   298.97  PRESS =     0.0
 Etot   =    -61184.2079  EKtot   =     15099.0957  EPtot      =    -76283.3036
 BOND   =       364.4638  ANGLE   =      1229.3190  DIHED      =      1423.5469
 1-4 NB =       420.2467  1-4 EEL =      4892.2479  VDWAALS    =      9862.5972
 EELEC  =    -94475.7250  EHBOND  =         0.0000  RESTRAINT  =         0.0000
 EKCMT  =         0.0000  VIRIAL  =         0.0000  VOLUME     =    250352.1944
                                                    Density    =         1.0098
 ------------------------------------------------------------------------------


 NSTEP =   770000   TIME(PS) =    1640.000  TEMP(K) =   299.89  PRESS =     0.0
 Etot   =    -61351.5547  EKtot   =     15145.3037  EPtot      =    -76496.8584
 BOND   =       370.3881  ANGLE   =      1211.5883  DIHED      =      1406.5031
 1-4 NB =       423.1520  1-4 EEL =      4900.1260  VDWAALS    =      9893.5823
 EELEC  =    -94702.1981  EHBOND  =         0.0000  RESTRAINT  =         0.0000
 EKCMT  =         0.0000  VIRIAL  =         0.0000  VOLUME     =    251869.6771
                                                    Density    =         1.0038
 ------------------------------------------------------------------------------


 NSTEP =   780000   TIME(PS) =    1660.000  TEMP(K) =   299.93  PRESS =     0.0
 Etot   =    -61215.9099  EKtot   =     15147.5586  EPtot      =    -76363.4685
 BOND   =       330.0479  ANGLE   =      1230.2550  DIHED      =      1413.3485
 1-4 NB =       431.6819  1-4 EEL =      4906.5926  VDWAALS    =      9888.0741
 EELEC  =    -94563.4684  EHBOND  =         0.0000  RESTRAINT  =         0.0000
 EKCMT  =         0.0000  VIRIAL  =         0.0000  VOLUME     =    251336.2622
                                                    Density    =         1.0059
 ------------------------------------------------------------------------------


 NSTEP =   790000   TIME(PS) =    1680.000  TEMP(K) =   302.44  PRESS =     0.0
 Etot   =    -61039.8914  EKtot   =     15274.3125  EPtot      =    -76314.2039
 BOND   =       360.0910  ANGLE   =      1216.1616  DIHED      =      1390.4824
 1-4 NB =       412.1287  1-4 EEL =      4884.0572  VDWAALS    =     10000.8940
 EELEC  =    -94578.0188  EHBOND  =         0.0000  RESTRAINT  =         0.0000
 EKCMT  =         0.0000  VIRIAL  =         0.0000  VOLUME     =    251179.3973
                                                    Density    =         1.0065
 ------------------------------------------------------------------------------


 NSTEP =   800000   TIME(PS) =    1700.000  TEMP(K) =   298.33  PRESS =     0.0
 Etot   =    -61544.6634  EKtot   =     15066.8525  EPtot      =    -76611.5160
 BOND   =       338.2521  ANGLE   =      1170.8835  DIHED      =      1384.1872
 1-4 NB =       432.0316  1-4 EEL =      4959.8250  VDWAALS    =      9877.2065
 EELEC  =    -94773.9019  EHBOND  =         0.0000  RESTRAINT  =         0.0000
 EKCMT  =         0.0000  VIRIAL  =         0.0000  VOLUME     =    250237.5798
                                                    Density    =         1.0103
 ------------------------------------------------------------------------------


 NSTEP =   810000   TIME(PS) =    1720.000  TEMP(K) =   298.34  PRESS =     0.0
 Etot   =    -61548.5103  EKtot   =     15067.2490  EPtot      =    -76615.7593
 BOND   =       356.6913  ANGLE   =      1225.3494  DIHED      =      1414.1379
 1-4 NB =       409.5532  1-4 EEL =      4884.6453  VDWAALS    =      9970.6259
 EELEC  =    -94876.7623  EHBOND  =         0.0000  RESTRAINT  =         0.0000
 EKCMT  =         0.0000  VIRIAL  =         0.0000  VOLUME     =    249930.7887
                                                    Density    =         1.0115
 ------------------------------------------------------------------------------


 NSTEP =   820000   TIME(PS) =    1740.000  TEMP(K) =   301.79  PRESS =     0.0
 Etot   =    -60943.3488  EKtot   =     15241.2441  EPtot      =    -76184.5929
 BOND   =       345.6492  ANGLE   =      1163.0968  DIHED      =      1441.4263
 1-4 NB =       429.4301  1-4 EEL =      4925.1675  VDWAALS    =      9751.2951
 EELEC  =    -94240.6578  EHBOND  =         0.0000  RESTRAINT  =         0.0000
 EKCMT  =         0.0000  VIRIAL  =         0.0000  VOLUME     =    250768.4378
                                                    Density    =         1.0082
 ------------------------------------------------------------------------------


 NSTEP =   830000   TIME(PS) =    1760.000  TEMP(K) =   298.15  PRESS =     0.0
 Etot   =    -61252.2283  EKtot   =     15057.7383  EPtot      =    -76309.9665
 BOND   =       348.4724  ANGLE   =      1260.8658  DIHED      =      1404.8583
 1-4 NB =       424.2260  1-4 EEL =      4908.6365  VDWAALS    =      9703.5797
 EELEC  =    -94360.6053  EHBOND  =         0.0000  RESTRAINT  =         0.0000
 EKCMT  =         0.0000  VIRIAL  =         0.0000  VOLUME     =    249340.1203
                                                    Density    =         1.0139
 ------------------------------------------------------------------------------


 NSTEP =   840000   TIME(PS) =    1780.000  TEMP(K) =   300.64  PRESS =     0.0
 Etot   =    -61341.6482  EKtot   =     15183.3535  EPtot      =    -76525.0017
 BOND   =       344.7785  ANGLE   =      1192.4691  DIHED      =      1391.2234
 1-4 NB =       438.3302  1-4 EEL =      4922.1644  VDWAALS    =      9925.4704
 EELEC  =    -94739.4377  EHBOND  =         0.0000  RESTRAINT  =         0.0000
 EKCMT  =         0.0000  VIRIAL  =         0.0000  VOLUME     =    251514.6920
                                                    Density    =         1.0052
 ------------------------------------------------------------------------------


 NSTEP =   850000   TIME(PS) =    1800.000  TEMP(K) =   296.62  PRESS =     0.0
 Etot   =    -61561.0959  EKtot   =     14980.4971  EPtot      =    -76541.5929
 BOND   =       384.4440  ANGLE   =      1222.0294  DIHED      =      1427.0867
 1-4 NB =       424.0343  1-4 EEL =      4935.9780  VDWAALS    =      9912.3768
 EELEC  =    -94847.5422  EHBOND  =         0.0000  RESTRAINT  =         0.0000
 EKCMT  =         0.0000  VIRIAL  =         0.0000  VOLUME     =    250645.8786
                                                    Density    =         1.0087
 ------------------------------------------------------------------------------


 NSTEP =   860000   TIME(PS) =    1820.000  TEMP(K) =   297.95  PRESS =     0.0
 Etot   =    -61553.0161  EKtot   =     15047.3906  EPtot      =    -76600.4067
 BOND   =       346.7569  ANGLE   =      1226.5596  DIHED      =      1403.7409
 1-4 NB =       422.7530  1-4 EEL =      4977.2163  VDWAALS    =     10082.8928
 EELEC  =    -95060.3261  EHBOND  =         0.0000  RESTRAINT  =         0.0000
 EKCMT  =         0.0000  VIRIAL  =         0.0000  VOLUME     =    249515.5221
                                                    Density    =         1.0132
 ------------------------------------------------------------------------------


 NSTEP =   870000   TIME(PS) =    1840.000  TEMP(K) =   299.07  PRESS =     0.0
 Etot   =    -61396.3314  EKtot   =     15104.2188  EPtot      =    -76500.5502
 BOND   =       348.2425  ANGLE   =      1216.7177  DIHED      =      1403.5262
 1-4 NB =       421.6944  1-4 EEL =      4892.7245  VDWAALS    =      9756.0477
 EELEC  =    -94539.5033  EHBOND  =         0.0000  RESTRAINT  =         0.0000
 EKCMT  =         0.0000  VIRIAL  =         0.0000  VOLUME     =    251165.7538
                                                    Density    =         1.0066
 ------------------------------------------------------------------------------


 NSTEP =   880000   TIME(PS) =    1860.000  TEMP(K) =   301.89  PRESS =     0.0
 Etot   =    -61126.7443  EKtot   =     15246.2891  EPtot      =    -76373.0333
 BOND   =       341.0574  ANGLE   =      1261.6002  DIHED      =      1409.0076
 1-4 NB =       419.7581  1-4 EEL =      4914.8959  VDWAALS    =      9865.8683
 EELEC  =    -94585.2208  EHBOND  =         0.0000  RESTRAINT  =         0.0000
 EKCMT  =         0.0000  VIRIAL  =         0.0000  VOLUME     =    250617.4545
                                                    Density    =         1.0088
 ------------------------------------------------------------------------------


 NSTEP =   890000   TIME(PS) =    1880.000  TEMP(K) =   300.53  PRESS =     0.0
 Etot   =    -61379.9752  EKtot   =     15177.8828  EPtot      =    -76557.8580
 BOND   =       374.5239  ANGLE   =      1221.7773  DIHED      =      1408.8277
 1-4 NB =       402.4848  1-4 EEL =      4911.1580  VDWAALS    =      9871.3206
 EELEC  =    -94747.9503  EHBOND  =         0.0000  RESTRAINT  =         0.0000
 EKCMT  =         0.0000  VIRIAL  =         0.0000  VOLUME     =    249776.0728
                                                    Density    =         1.0122
 ------------------------------------------------------------------------------


 NSTEP =   900000   TIME(PS) =    1900.000  TEMP(K) =   301.93  PRESS =     0.0
 Etot   =    -61266.2415  EKtot   =     15248.3037  EPtot      =    -76514.5452
 BOND   =       328.7327  ANGLE   =      1227.0043  DIHED      =      1410.4436
 1-4 NB =       413.5404  1-4 EEL =      4941.6932  VDWAALS    =      9901.7923
 EELEC  =    -94737.7518  EHBOND  =         0.0000  RESTRAINT  =         0.0000
 EKCMT  =         0.0000  VIRIAL  =         0.0000  VOLUME     =    250289.1513
                                                    Density    =         1.0101
 ------------------------------------------------------------------------------


 NSTEP =   910000   TIME(PS) =    1920.000  TEMP(K) =   300.19  PRESS =     0.0
 Etot   =    -61191.3936  EKtot   =     15160.7090  EPtot      =    -76352.1026
 BOND   =       343.6467  ANGLE   =      1188.9315  DIHED      =      1409.4982
 1-4 NB =       427.1678  1-4 EEL =      4972.5087  VDWAALS    =      9730.5916
 EELEC  =    -94424.4472  EHBOND  =         0.0000  RESTRAINT  =         0.0000
 EKCMT  =         0.0000  VIRIAL  =         0.0000  VOLUME     =    251211.9328
                                                    Density    =         1.0064
 ------------------------------------------------------------------------------


 NSTEP =   920000   TIME(PS) =    1940.000  TEMP(K) =   299.09  PRESS =     0.0
 Etot   =    -61438.7980  EKtot   =     15105.1816  EPtot      =    -76543.9796
 BOND   =       374.3691  ANGLE   =      1214.4941  DIHED      =      1420.6097
 1-4 NB =       432.9997  1-4 EEL =      4941.1957  VDWAALS    =      9732.8597
 EELEC  =    -94660.5075  EHBOND  =         0.0000  RESTRAINT  =         0.0000
 EKCMT  =         0.0000  VIRIAL  =         0.0000  VOLUME     =    250816.8938
                                                    Density    =         1.0080
 ------------------------------------------------------------------------------


 NSTEP =   930000   TIME(PS) =    1960.000  TEMP(K) =   298.94  PRESS =     0.0
 Etot   =    -61044.2603  EKtot   =     15097.3242  EPtot      =    -76141.5845
 BOND   =       357.2620  ANGLE   =      1203.0635  DIHED      =      1442.6116
 1-4 NB =       416.4541  1-4 EEL =      4961.6392  VDWAALS    =      9682.1207
 EELEC  =    -94204.7354  EHBOND  =         0.0000  RESTRAINT  =         0.0000
 EKCMT  =         0.0000  VIRIAL  =         0.0000  VOLUME     =    250721.3250
                                                    Density    =         1.0083
 ------------------------------------------------------------------------------


 NSTEP =   940000   TIME(PS) =    1980.000  TEMP(K) =   296.51  PRESS =     0.0
 Etot   =    -61664.7847  EKtot   =     14974.9932  EPtot      =    -76639.7779
 BOND   =       358.9054  ANGLE   =      1226.6088  DIHED      =      1401.9948
 1-4 NB =       423.6471  1-4 EEL =      4968.2224  VDWAALS    =      9767.7534
 EELEC  =    -94786.9098  EHBOND  =         0.0000  RESTRAINT  =         0.0000
 EKCMT  =         0.0000  VIRIAL  =         0.0000  VOLUME     =    250729.6026
                                                    Density    =         1.0083
 ------------------------------------------------------------------------------


 NSTEP =   950000   TIME(PS) =    2000.000  TEMP(K) =   298.80  PRESS =     0.0
 Etot   =    -61508.7549  EKtot   =     15090.5088  EPtot      =    -76599.2637
 BOND   =       344.2499  ANGLE   =      1224.1543  DIHED      =      1426.6926
 1-4 NB =       421.2919  1-4 EEL =      4927.9982  VDWAALS    =      9838.3363
 EELEC  =    -94781.9869  EHBOND  =         0.0000  RESTRAINT  =         0.0000
 EKCMT  =         0.0000  VIRIAL  =         0.0000  VOLUME     =    250545.4839
                                                    Density    =         1.0091
 ------------------------------------------------------------------------------


 NSTEP =   960000   TIME(PS) =    2020.000  TEMP(K) =   300.37  PRESS =     0.0
 Etot   =    -61427.8052  EKtot   =     15169.6172  EPtot      =    -76597.4223
 BOND   =       341.3294  ANGLE   =      1186.3139  DIHED      =      1383.5625
 1-4 NB =       429.8998  1-4 EEL =      4945.2164  VDWAALS    =      9873.3091
 EELEC  =    -94757.0533  EHBOND  =         0.0000  RESTRAINT  =         0.0000
 EKCMT  =         0.0000  VIRIAL  =         0.0000  VOLUME     =    251095.3208
                                                    Density    =         1.0068
 ------------------------------------------------------------------------------


 NSTEP =   970000   TIME(PS) =    2040.000  TEMP(K) =   302.70  PRESS =     0.0
 Etot   =    -61226.5082  EKtot   =     15287.4551  EPtot      =    -76513.9633
 BOND   =       386.4614  ANGLE   =      1181.6344  DIHED      =      1402.7274
 1-4 NB =       433.5983  1-4 EEL =      4930.4211  VDWAALS    =      9919.6962
 EELEC  =    -94768.5020  EHBOND  =         0.0000  RESTRAINT  =         0.0000
 EKCMT  =         0.0000  VIRIAL  =         0.0000  VOLUME     =    250920.0909
                                                    Density    =         1.0075
 ------------------------------------------------------------------------------


 NSTEP =   980000   TIME(PS) =    2060.000  TEMP(K) =   297.15  PRESS =     0.0
 Etot   =    -61223.1130  EKtot   =     15007.3398  EPtot      =    -76230.4528
 BOND   =       335.8948  ANGLE   =      1219.9163  DIHED      =      1410.3997
 1-4 NB =       433.1197  1-4 EEL =      4947.3573  VDWAALS    =      9946.8362
 EELEC  =    -94523.9767  EHBOND  =         0.0000  RESTRAINT  =         0.0000
 EKCMT  =         0.0000  VIRIAL  =         0.0000  VOLUME     =    250967.1995
                                                    Density    =         1.0074
 ------------------------------------------------------------------------------


 NSTEP =   990000   TIME(PS) =    2080.000  TEMP(K) =   298.45  PRESS =     0.0
 Etot   =    -61227.2649  EKtot   =     15072.8613  EPtot      =    -76300.1263
 BOND   =       372.4216  ANGLE   =      1197.6072  DIHED      =      1416.9994
 1-4 NB =       416.9063  1-4 EEL =      4962.5690  VDWAALS    =      9990.9027
 EELEC  =    -94657.5325  EHBOND  =         0.0000  RESTRAINT  =         0.0000
 EKCMT  =         0.0000  VIRIAL  =         0.0000  VOLUME     =    251127.3548
                                                    Density    =         1.0067
 ------------------------------------------------------------------------------


 NSTEP =  1000000   TIME(PS) =    2100.000  TEMP(K) =   300.16  PRESS =     0.0
 Etot   =    -61178.2148  EKtot   =     15159.1846  EPtot      =    -76337.3994
 BOND   =       367.7974  ANGLE   =      1223.1206  DIHED      =      1418.1262
 1-4 NB =       432.9859  1-4 EEL =      4919.7187  VDWAALS    =      9906.4739
 EELEC  =    -94605.6221  EHBOND  =         0.0000  RESTRAINT  =         0.0000
 EKCMT  =         0.0000  VIRIAL  =         0.0000  VOLUME     =    250996.6620
                                                    Density    =         1.0072
 ------------------------------------------------------------------------------


 NSTEP =  1010000   TIME(PS) =    2120.000  TEMP(K) =   300.77  PRESS =     0.0
 Etot   =    -61542.0367  EKtot   =     15189.7744  EPtot      =    -76731.8111
 BOND   =       335.9218  ANGLE   =      1204.3255  DIHED      =      1410.2602
 1-4 NB =       418.2820  1-4 EEL =      4947.1056  VDWAALS    =     10204.6206
 EELEC  =    -95252.3269  EHBOND  =         0.0000  RESTRAINT  =         0.0000
 EKCMT  =         0.0000  VIRIAL  =         0.0000  VOLUME     =    249961.6084
                                                    Density    =         1.0114
 ------------------------------------------------------------------------------


 NSTEP =  1020000   TIME(PS) =    2140.000  TEMP(K) =   296.83  PRESS =     0.0
 Etot   =    -61385.0932  EKtot   =     14990.8750  EPtot      =    -76375.9682
 BOND   =       349.0981  ANGLE   =      1207.9854  DIHED      =      1395.8555
 1-4 NB =       422.5930  1-4 EEL =      4944.5753  VDWAALS    =      9725.7559
 EELEC  =    -94421.8314  EHBOND  =         0.0000  RESTRAINT  =         0.0000
 EKCMT  =         0.0000  VIRIAL  =         0.0000  VOLUME     =    250272.9697
                                                    Density    =         1.0102
 ------------------------------------------------------------------------------


 NSTEP =  1030000   TIME(PS) =    2160.000  TEMP(K) =   299.38  PRESS =     0.0
 Etot   =    -61428.1920  EKtot   =     15119.8398  EPtot      =    -76548.0318
 BOND   =       339.8546  ANGLE   =      1255.3688  DIHED      =      1390.0820
 1-4 NB =       417.5832  1-4 EEL =      4947.7202  VDWAALS    =      9932.9037
 EELEC  =    -94831.5441  EHBOND  =         0.0000  RESTRAINT  =         0.0000
 EKCMT  =         0.0000  VIRIAL  =         0.0000  VOLUME     =    249771.2825
                                                    Density    =         1.0122
 ------------------------------------------------------------------------------


 NSTEP =  1040000   TIME(PS) =    2180.000  TEMP(K) =   301.60  PRESS =     0.0
 Etot   =    -61045.4016  EKtot   =     15232.0791  EPtot      =    -76277.4807
 BOND   =       353.6143  ANGLE   =      1229.9737  DIHED      =      1398.3633
 1-4 NB =       418.8524  1-4 EEL =      4920.5073  VDWAALS    =      9916.9642
 EELEC  =    -94515.7560  EHBOND  =         0.0000  RESTRAINT  =         0.0000
 EKCMT  =         0.0000  VIRIAL  =         0.0000  VOLUME     =    250469.2611
                                                    Density    =         1.0094
 ------------------------------------------------------------------------------


 NSTEP =  1050000   TIME(PS) =    2200.000  TEMP(K) =   301.87  PRESS =     0.0
 Etot   =    -61175.0346  EKtot   =     15245.3613  EPtot      =    -76420.3959
 BOND   =       344.6243  ANGLE   =      1155.6846  DIHED      =      1423.6270
 1-4 NB =       436.7722  1-4 EEL =      4951.1970  VDWAALS    =     10030.8229
 EELEC  =    -94763.1240  EHBOND  =         0.0000  RESTRAINT  =         0.0000
 EKCMT  =         0.0000  VIRIAL  =         0.0000  VOLUME     =    250789.2044
                                                    Density    =         1.0081
 ------------------------------------------------------------------------------


 NSTEP =  1060000   TIME(PS) =    2220.000  TEMP(K) =   297.29  PRESS =     0.0
 Etot   =    -61386.1107  EKtot   =     15014.1982  EPtot      =    -76400.3089
 BOND   =       352.8194  ANGLE   =      1254.8762  DIHED      =      1398.1220
 1-4 NB =       418.2102  1-4 EEL =      4881.9632  VDWAALS    =     10056.5621
 EELEC  =    -94762.8620  EHBOND  =         0.0000  RESTRAINT  =         0.0000
 EKCMT  =         0.0000  VIRIAL  =         0.0000  VOLUME     =    250930.3514
                                                    Density    =         1.0075
 ------------------------------------------------------------------------------


 NSTEP =  1070000   TIME(PS) =    2240.000  TEMP(K) =   300.56  PRESS =     0.0
 Etot   =    -61210.5300  EKtot   =     15179.5752  EPtot      =    -76390.1052
 BOND   =       327.9328  ANGLE   =      1184.9171  DIHED      =      1402.6410
 1-4 NB =       418.8436  1-4 EEL =      4966.9460  VDWAALS    =     10067.5136
 EELEC  =    -94758.8993  EHBOND  =         0.0000  RESTRAINT  =         0.0000
 EKCMT  =         0.0000  VIRIAL  =         0.0000  VOLUME     =    250185.7589
                                                    Density    =         1.0105
 ------------------------------------------------------------------------------


 NSTEP =  1080000   TIME(PS) =    2260.000  TEMP(K) =   297.98  PRESS =     0.0
 Etot   =    -61434.5858  EKtot   =     15049.1152  EPtot      =    -76483.7010
 BOND   =       336.5901  ANGLE   =      1218.6089  DIHED      =      1423.6721
 1-4 NB =       420.8561  1-4 EEL =      4944.1382  VDWAALS    =     10098.9551
 EELEC  =    -94926.5215  EHBOND  =         0.0000  RESTRAINT  =         0.0000
 EKCMT  =         0.0000  VIRIAL  =         0.0000  VOLUME     =    251656.5177
                                                    Density    =         1.0046
 ------------------------------------------------------------------------------


 NSTEP =  1090000   TIME(PS) =    2280.000  TEMP(K) =   303.17  PRESS =     0.0
 Etot   =    -61143.3389  EKtot   =     15311.3037  EPtot      =    -76454.6426
 BOND   =       316.5012  ANGLE   =      1197.5398  DIHED      =      1411.4754
 1-4 NB =       437.2839  1-4 EEL =      4975.3050  VDWAALS    =      9996.2573
 EELEC  =    -94789.0053  EHBOND  =         0.0000  RESTRAINT  =         0.0000
 EKCMT  =         0.0000  VIRIAL  =         0.0000  VOLUME     =    249714.8155
                                                    Density    =         1.0124
 ------------------------------------------------------------------------------


 NSTEP =  1100000   TIME(PS) =    2300.000  TEMP(K) =   297.29  PRESS =     0.0
 Etot   =    -61029.7036  EKtot   =     15013.9395  EPtot      =    -76043.6430
 BOND   =       353.0661  ANGLE   =      1219.7061  DIHED      =      1412.1848
 1-4 NB =       437.4363  1-4 EEL =      4934.1907  VDWAALS    =      9824.5426
 EELEC  =    -94224.7695  EHBOND  =         0.0000  RESTRAINT  =         0.0000
 EKCMT  =         0.0000  VIRIAL  =         0.0000  VOLUME     =    251046.3857
                                                    Density    =         1.0070
 ------------------------------------------------------------------------------


 NSTEP =  1110000   TIME(PS) =    2320.000  TEMP(K) =   301.80  PRESS =     0.0
 Etot   =    -61169.9669  EKtot   =     15242.1270  EPtot      =    -76412.0938
 BOND   =       361.0380  ANGLE   =      1189.2353  DIHED      =      1390.1843
 1-4 NB =       427.8500  1-4 EEL =      4908.5647  VDWAALS    =     10009.8267
 EELEC  =    -94698.7928  EHBOND  =         0.0000  RESTRAINT  =         0.0000
 EKCMT  =         0.0000  VIRIAL  =         0.0000  VOLUME     =    250566.2585
                                                    Density    =         1.0090
 ------------------------------------------------------------------------------


 NSTEP =  1120000   TIME(PS) =    2340.000  TEMP(K) =   301.43  PRESS =     0.0
 Etot   =    -61292.2539  EKtot   =     15223.3682  EPtot      =    -76515.6221
 BOND   =       346.7534  ANGLE   =      1209.5725  DIHED      =      1395.8122
 1-4 NB =       427.7270  1-4 EEL =      4945.9243  VDWAALS    =     10161.7376
 EELEC  =    -95003.1491  EHBOND  =         0.0000  RESTRAINT  =         0.0000
 EKCMT  =         0.0000  VIRIAL  =         0.0000  VOLUME     =    251272.5978
                                                    Density    =         1.0061
 ------------------------------------------------------------------------------


 NSTEP =  1130000   TIME(PS) =    2360.000  TEMP(K) =   300.05  PRESS =     0.0
 Etot   =    -61289.7448  EKtot   =     15153.7754  EPtot      =    -76443.5202
 BOND   =       358.4100  ANGLE   =      1231.7826  DIHED      =      1413.2414
 1-4 NB =       414.4591  1-4 EEL =      4950.8121  VDWAALS    =      9990.1550
 EELEC  =    -94802.3804  EHBOND  =         0.0000  RESTRAINT  =         0.0000
 EKCMT  =         0.0000  VIRIAL  =         0.0000  VOLUME     =    251016.7365
                                                    Density    =         1.0072
 ------------------------------------------------------------------------------


 NSTEP =  1140000   TIME(PS) =    2380.000  TEMP(K) =   302.27  PRESS =     0.0
 Etot   =    -61296.8177  EKtot   =     15265.8828  EPtot      =    -76562.7005
 BOND   =       341.0029  ANGLE   =      1180.4422  DIHED      =      1403.4112
 1-4 NB =       430.2833  1-4 EEL =      4915.2999  VDWAALS    =      9830.3245
 EELEC  =    -94663.4645  EHBOND  =         0.0000  RESTRAINT  =         0.0000
 EKCMT  =         0.0000  VIRIAL  =         0.0000  VOLUME     =    250569.1538
                                                    Density    =         1.0090
 ------------------------------------------------------------------------------


 NSTEP =  1150000   TIME(PS) =    2400.000  TEMP(K) =   300.91  PRESS =     0.0
 Etot   =    -61354.6617  EKtot   =     15196.9727  EPtot      =    -76551.6343
 BOND   =       343.6219  ANGLE   =      1200.5355  DIHED      =      1433.5487
 1-4 NB =       423.4956  1-4 EEL =      4923.9385  VDWAALS    =      9890.6741
 EELEC  =    -94767.4488  EHBOND  =         0.0000  RESTRAINT  =         0.0000
 EKCMT  =         0.0000  VIRIAL  =         0.0000  VOLUME     =    250947.9921
                                                    Density    =         1.0074
 ------------------------------------------------------------------------------


 NSTEP =  1160000   TIME(PS) =    2420.000  TEMP(K) =   301.02  PRESS =     0.0
 Etot   =    -61255.2280  EKtot   =     15202.4600  EPtot      =    -76457.6880
 BOND   =       353.9929  ANGLE   =      1244.1599  DIHED      =      1385.1138
 1-4 NB =       421.8228  1-4 EEL =      4883.9923  VDWAALS    =      9894.9860
 EELEC  =    -94641.7558  EHBOND  =         0.0000  RESTRAINT  =         0.0000
 EKCMT  =         0.0000  VIRIAL  =         0.0000  VOLUME     =    250449.8153
                                                    Density    =         1.0094
 ------------------------------------------------------------------------------


 NSTEP =  1170000   TIME(PS) =    2440.000  TEMP(K) =   299.01  PRESS =     0.0
 Etot   =    -61254.0642  EKtot   =     15100.9873  EPtot      =    -76355.0515
 BOND   =       358.3783  ANGLE   =      1213.9852  DIHED      =      1405.7659
 1-4 NB =       419.2841  1-4 EEL =      4918.3429  VDWAALS    =      9917.6481
 EELEC  =    -94588.4560  EHBOND  =         0.0000  RESTRAINT  =         0.0000
 EKCMT  =         0.0000  VIRIAL  =         0.0000  VOLUME     =    250444.0370
                                                    Density    =         1.0095
 ------------------------------------------------------------------------------


 NSTEP =  1180000   TIME(PS) =    2460.000  TEMP(K) =   301.23  PRESS =     0.0
 Etot   =    -61176.7601  EKtot   =     15213.0801  EPtot      =    -76389.8402
 BOND   =       355.9117  ANGLE   =      1204.5896  DIHED      =      1422.8951
 1-4 NB =       415.3902  1-4 EEL =      4923.5536  VDWAALS    =      9983.0502
 EELEC  =    -94695.2306  EHBOND  =         0.0000  RESTRAINT  =         0.0000
 EKCMT  =         0.0000  VIRIAL  =         0.0000  VOLUME     =    252276.1852
                                                    Density    =         1.0021
 ------------------------------------------------------------------------------


 NSTEP =  1190000   TIME(PS) =    2480.000  TEMP(K) =   303.53  PRESS =     0.0
 Etot   =    -61040.6174  EKtot   =     15329.1631  EPtot      =    -76369.7805
 BOND   =       374.7039  ANGLE   =      1229.6938  DIHED      =      1397.8464
 1-4 NB =       416.0120  1-4 EEL =      4917.9364  VDWAALS    =      9862.7339
 EELEC  =    -94568.7069  EHBOND  =         0.0000  RESTRAINT  =         0.0000
 EKCMT  =         0.0000  VIRIAL  =         0.0000  VOLUME     =    250453.9644
                                                    Density    =         1.0094
 ------------------------------------------------------------------------------


 NSTEP =  1200000   TIME(PS) =    2500.000  TEMP(K) =   297.95  PRESS =     0.0
 Etot   =    -61330.2603  EKtot   =     15047.6445  EPtot      =    -76377.9048
 BOND   =       345.7598  ANGLE   =      1191.8506  DIHED      =      1401.0083
 1-4 NB =       412.9261  1-4 EEL =      4896.7175  VDWAALS    =      9732.5682
 EELEC  =    -94358.7352  EHBOND  =         0.0000  RESTRAINT  =         0.0000
 EKCMT  =         0.0000  VIRIAL  =         0.0000  VOLUME     =    250229.9472
                                                    Density    =         1.0103
 ------------------------------------------------------------------------------


 NSTEP =  1210000   TIME(PS) =    2520.000  TEMP(K) =   302.48  PRESS =     0.0
 Etot   =    -61154.4121  EKtot   =     15276.4580  EPtot      =    -76430.8701
 BOND   =       349.5746  ANGLE   =      1222.4366  DIHED      =      1404.0842
 1-4 NB =       430.4814  1-4 EEL =      4966.4192  VDWAALS    =     10189.5294
 EELEC  =    -94993.3955  EHBOND  =         0.0000  RESTRAINT  =         0.0000
 EKCMT  =         0.0000  VIRIAL  =         0.0000  VOLUME     =    249774.3214
                                                    Density    =         1.0122
 ------------------------------------------------------------------------------


 NSTEP =  1220000   TIME(PS) =    2540.000  TEMP(K) =   299.17  PRESS =     0.0
 Etot   =    -61511.0507  EKtot   =     15109.2773  EPtot      =    -76620.3280
 BOND   =       358.3769  ANGLE   =      1198.7055  DIHED      =      1396.8638
 1-4 NB =       423.0336  1-4 EEL =      4901.2606  VDWAALS    =      9921.1289
 EELEC  =    -94819.6974  EHBOND  =         0.0000  RESTRAINT  =         0.0000
 EKCMT  =         0.0000  VIRIAL  =         0.0000  VOLUME     =    250244.3676
                                                    Density    =         1.0103
 ------------------------------------------------------------------------------


 NSTEP =  1230000   TIME(PS) =    2560.000  TEMP(K) =   299.02  PRESS =     0.0
 Etot   =    -61392.3116  EKtot   =     15101.3799  EPtot      =    -76493.6915
 BOND   =       350.6266  ANGLE   =      1214.0071  DIHED      =      1425.3902
 1-4 NB =       432.8699  1-4 EEL =      4919.1390  VDWAALS    =     10049.3116
 EELEC  =    -94885.0359  EHBOND  =         0.0000  RESTRAINT  =         0.0000
 EKCMT  =         0.0000  VIRIAL  =         0.0000  VOLUME     =    250346.1761
                                                    Density    =         1.0099
 ------------------------------------------------------------------------------


 NSTEP =  1240000   TIME(PS) =    2580.000  TEMP(K) =   300.56  PRESS =     0.0
 Etot   =    -61342.0453  EKtot   =     15179.0996  EPtot      =    -76521.1449
 BOND   =       357.2621  ANGLE   =      1233.1784  DIHED      =      1410.3922
 1-4 NB =       410.1392  1-4 EEL =      4927.0015  VDWAALS    =      9785.5808
 EELEC  =    -94644.6991  EHBOND  =         0.0000  RESTRAINT  =         0.0000
 EKCMT  =         0.0000  VIRIAL  =         0.0000  VOLUME     =    250195.0673
                                                    Density    =         1.0105
 ------------------------------------------------------------------------------


 NSTEP =  1250000   TIME(PS) =    2600.000  TEMP(K) =   300.22  PRESS =     0.0
 Etot   =    -61248.1631  EKtot   =     15162.3564  EPtot      =    -76410.5196
 BOND   =       361.7771  ANGLE   =      1232.9414  DIHED      =      1402.9949
 1-4 NB =       426.7715  1-4 EEL =      4946.6836  VDWAALS    =      9817.1881
 EELEC  =    -94598.8762  EHBOND  =         0.0000  RESTRAINT  =         0.0000
 EKCMT  =         0.0000  VIRIAL  =         0.0000  VOLUME     =    250770.1590
                                                    Density    =         1.0082
 ------------------------------------------------------------------------------


 NSTEP =  1260000   TIME(PS) =    2620.000  TEMP(K) =   300.85  PRESS =     0.0
 Etot   =    -61073.7923  EKtot   =     15194.1709  EPtot      =    -76267.9632
 BOND   =       348.3240  ANGLE   =      1192.3000  DIHED      =      1418.7499
 1-4 NB =       413.9896  1-4 EEL =      4951.8700  VDWAALS    =      9631.7695
 EELEC  =    -94224.9663  EHBOND  =         0.0000  RESTRAINT  =         0.0000
 EKCMT  =         0.0000  VIRIAL  =         0.0000  VOLUME     =    253091.4334
                                                    Density    =         0.9989
 ------------------------------------------------------------------------------


 NSTEP =  1270000   TIME(PS) =    2640.000  TEMP(K) =   296.25  PRESS =     0.0
 Etot   =    -61490.2107  EKtot   =     14961.6123  EPtot      =    -76451.8230
 BOND   =       356.2966  ANGLE   =      1223.7759  DIHED      =      1408.1679
 1-4 NB =       416.5458  1-4 EEL =      4928.0258  VDWAALS    =      9854.0674
 EELEC  =    -94638.7024  EHBOND  =         0.0000  RESTRAINT  =         0.0000
 EKCMT  =         0.0000  VIRIAL  =         0.0000  VOLUME     =    251118.8790
                                                    Density    =         1.0068
 ------------------------------------------------------------------------------


 NSTEP =  1280000   TIME(PS) =    2660.000  TEMP(K) =   297.55  PRESS =     0.0
 Etot   =    -61213.1492  EKtot   =     15027.5264  EPtot      =    -76240.6755
 BOND   =       362.9150  ANGLE   =      1222.6710  DIHED      =      1414.1261
 1-4 NB =       415.0464  1-4 EEL =      4918.6085  VDWAALS    =      9963.2525
 EELEC  =    -94537.2949  EHBOND  =         0.0000  RESTRAINT  =         0.0000
 EKCMT  =         0.0000  VIRIAL  =         0.0000  VOLUME     =    249641.5776
                                                    Density    =         1.0127
 ------------------------------------------------------------------------------


 NSTEP =  1290000   TIME(PS) =    2680.000  TEMP(K) =   300.84  PRESS =     0.0
 Etot   =    -61384.9569  EKtot   =     15193.3242  EPtot      =    -76578.2811
 BOND   =       337.5800  ANGLE   =      1194.8905  DIHED      =      1420.1974
 1-4 NB =       425.5216  1-4 EEL =      4931.1490  VDWAALS    =      9980.5734
 EELEC  =    -94868.1930  EHBOND  =         0.0000  RESTRAINT  =         0.0000
 EKCMT  =         0.0000  VIRIAL  =         0.0000  VOLUME     =    250353.2695
                                                    Density    =         1.0098
 ------------------------------------------------------------------------------


 NSTEP =  1300000   TIME(PS) =    2700.000  TEMP(K) =   300.38  PRESS =     0.0
 Etot   =    -61343.1501  EKtot   =     15170.4648  EPtot      =    -76513.6149
 BOND   =       347.5421  ANGLE   =      1162.3440  DIHED      =      1425.2632
 1-4 NB =       416.9757  1-4 EEL =      4940.2624  VDWAALS    =      9913.6840
 EELEC  =    -94719.6864  EHBOND  =         0.0000  RESTRAINT  =         0.0000
 EKCMT  =         0.0000  VIRIAL  =         0.0000  VOLUME     =    251407.3638
                                                    Density    =         1.0056
 ------------------------------------------------------------------------------


 NSTEP =  1310000   TIME(PS) =    2720.000  TEMP(K) =   297.63  PRESS =     0.0
 Etot   =    -61527.3960  EKtot   =     15031.5850  EPtot      =    -76558.9810
 BOND   =       362.5898  ANGLE   =      1209.4627  DIHED      =      1421.0936
 1-4 NB =       427.8828  1-4 EEL =      4885.4206  VDWAALS    =      9797.1980
 EELEC  =    -94662.6286  EHBOND  =         0.0000  RESTRAINT  =         0.0000
 EKCMT  =         0.0000  VIRIAL  =         0.0000  VOLUME     =    250041.9507
                                                    Density    =         1.0111
 ------------------------------------------------------------------------------


 NSTEP =  1320000   TIME(PS) =    2740.000  TEMP(K) =   299.63  PRESS =     0.0
 Etot   =    -61226.5935  EKtot   =     15132.1963  EPtot      =    -76358.7898
 BOND   =       330.1934  ANGLE   =      1185.3240  DIHED      =      1418.0831
 1-4 NB =       437.6442  1-4 EEL =      4916.7555  VDWAALS    =      9883.9261
 EELEC  =    -94530.7162  EHBOND  =         0.0000  RESTRAINT  =         0.0000
 EKCMT  =         0.0000  VIRIAL  =         0.0000  VOLUME     =    251731.3029
                                                    Density    =         1.0043
 ------------------------------------------------------------------------------


 NSTEP =  1330000   TIME(PS) =    2760.000  TEMP(K) =   300.63  PRESS =     0.0
 Etot   =    -61241.6772  EKtot   =     15182.9355  EPtot      =    -76424.6128
 BOND   =       348.0188  ANGLE   =      1197.9525  DIHED      =      1410.7532
 1-4 NB =       431.3913  1-4 EEL =      4955.5049  VDWAALS    =      9820.8571
 EELEC  =    -94589.0907  EHBOND  =         0.0000  RESTRAINT  =         0.0000
 EKCMT  =         0.0000  VIRIAL  =         0.0000  VOLUME     =    250876.9276
                                                    Density    =         1.0077
 ------------------------------------------------------------------------------


 NSTEP =  1340000   TIME(PS) =    2780.000  TEMP(K) =   301.07  PRESS =     0.0
 Etot   =    -61216.3743  EKtot   =     15204.8691  EPtot      =    -76421.2434
 BOND   =       370.6786  ANGLE   =      1183.7209  DIHED      =      1407.5479
 1-4 NB =       423.1566  1-4 EEL =      4921.9375  VDWAALS    =      9898.9512
 EELEC  =    -94627.2361  EHBOND  =         0.0000  RESTRAINT  =         0.0000
 EKCMT  =         0.0000  VIRIAL  =         0.0000  VOLUME     =    251205.0424
                                                    Density    =         1.0064
 ------------------------------------------------------------------------------


 NSTEP =  1350000   TIME(PS) =    2800.000  TEMP(K) =   301.24  PRESS =     0.0
 Etot   =    -61524.8990  EKtot   =     15213.6152  EPtot      =    -76738.5142
 BOND   =       348.2714  ANGLE   =      1196.5854  DIHED      =      1410.7412
 1-4 NB =       429.5344  1-4 EEL =      4971.1649  VDWAALS    =      9924.5182
 EELEC  =    -95019.3297  EHBOND  =         0.0000  RESTRAINT  =         0.0000
 EKCMT  =         0.0000  VIRIAL  =         0.0000  VOLUME     =    249673.6738
                                                    Density    =         1.0126
 ------------------------------------------------------------------------------


 NSTEP =  1360000   TIME(PS) =    2820.000  TEMP(K) =   299.72  PRESS =     0.0
 Etot   =    -61372.4125  EKtot   =     15137.1230  EPtot      =    -76509.5356
 BOND   =       350.7756  ANGLE   =      1209.2810  DIHED      =      1406.8559
 1-4 NB =       414.7189  1-4 EEL =      4904.0819  VDWAALS    =      9712.6238
 EELEC  =    -94507.8727  EHBOND  =         0.0000  RESTRAINT  =         0.0000
 EKCMT  =         0.0000  VIRIAL  =         0.0000  VOLUME     =    250645.2538
                                                    Density    =         1.0087
 ------------------------------------------------------------------------------


 NSTEP =  1370000   TIME(PS) =    2840.000  TEMP(K) =   297.95  PRESS =     0.0
 Etot   =    -61569.1676  EKtot   =     15047.7490  EPtot      =    -76616.9167
 BOND   =       359.8316  ANGLE   =      1219.4229  DIHED      =      1391.4396
 1-4 NB =       417.4144  1-4 EEL =      4923.2076  VDWAALS    =     10190.0840
 EELEC  =    -95118.3169  EHBOND  =         0.0000  RESTRAINT  =         0.0000
 EKCMT  =         0.0000  VIRIAL  =         0.0000  VOLUME     =    250650.4491
                                                    Density    =         1.0086
 ------------------------------------------------------------------------------


 NSTEP =  1380000   TIME(PS) =    2860.000  TEMP(K) =   300.07  PRESS =     0.0
 Etot   =    -61084.2868  EKtot   =     15154.7744  EPtot      =    -76239.0613
 BOND   =       357.8473  ANGLE   =      1226.2867  DIHED      =      1436.9030
 1-4 NB =       411.7568  1-4 EEL =      4916.5783  VDWAALS    =      9963.9510
 EELEC  =    -94552.3843  EHBOND  =         0.0000  RESTRAINT  =         0.0000
 EKCMT  =         0.0000  VIRIAL  =         0.0000  VOLUME     =    251852.8334
                                                    Density    =         1.0038
 ------------------------------------------------------------------------------


 NSTEP =  1390000   TIME(PS) =    2880.000  TEMP(K) =   297.51  PRESS =     0.0
 Etot   =    -61419.7785  EKtot   =     15025.2607  EPtot      =    -76445.0393
 BOND   =       336.9407  ANGLE   =      1199.8708  DIHED      =      1413.4771
 1-4 NB =       433.2411  1-4 EEL =      4902.8010  VDWAALS    =     10000.7480
 EELEC  =    -94732.1180  EHBOND  =         0.0000  RESTRAINT  =         0.0000
 EKCMT  =         0.0000  VIRIAL  =         0.0000  VOLUME     =    251263.7586
                                                    Density    =         1.0062
 ------------------------------------------------------------------------------


 NSTEP =  1400000   TIME(PS) =    2900.000  TEMP(K) =   302.46  PRESS =     0.0
 Etot   =    -61236.8269  EKtot   =     15275.4580  EPtot      =    -76512.2850
 BOND   =       341.0888  ANGLE   =      1240.6865  DIHED      =      1415.7644
 1-4 NB =       420.2637  1-4 EEL =      4936.8695  VDWAALS    =      9994.6544
 EELEC  =    -94861.6123  EHBOND  =         0.0000  RESTRAINT  =         0.0000
 EKCMT  =         0.0000  VIRIAL  =         0.0000  VOLUME     =    250476.7230
                                                    Density    =         1.0093
 ------------------------------------------------------------------------------


 NSTEP =  1410000   TIME(PS) =    2920.000  TEMP(K) =   299.09  PRESS =     0.0
 Etot   =    -61362.2187  EKtot   =     15104.8740  EPtot      =    -76467.0927
 BOND   =       341.9297  ANGLE   =      1223.4406  DIHED      =      1408.5282
 1-4 NB =       433.1990  1-4 EEL =      4929.6905  VDWAALS    =      9887.3393
 EELEC  =    -94691.2200  EHBOND  =         0.0000  RESTRAINT  =         0.0000
 EKCMT  =         0.0000  VIRIAL  =         0.0000  VOLUME     =    250977.8309
                                                    Density    =         1.0073
 ------------------------------------------------------------------------------


 NSTEP =  1420000   TIME(PS) =    2940.000  TEMP(K) =   302.00  PRESS =     0.0
 Etot   =    -61115.6063  EKtot   =     15251.8906  EPtot      =    -76367.4969
 BOND   =       355.9800  ANGLE   =      1213.1575  DIHED      =      1400.9946
 1-4 NB =       431.8571  1-4 EEL =      4942.6084  VDWAALS    =      9812.9860
 EELEC  =    -94525.0805  EHBOND  =         0.0000  RESTRAINT  =         0.0000
 EKCMT  =         0.0000  VIRIAL  =         0.0000  VOLUME     =    250791.4192
                                                    Density    =         1.0081
 ------------------------------------------------------------------------------


 NSTEP =  1430000   TIME(PS) =    2960.000  TEMP(K) =   299.06  PRESS =     0.0
 Etot   =    -61491.9327  EKtot   =     15103.6807  EPtot      =    -76595.6134
 BOND   =       359.7439  ANGLE   =      1195.7551  DIHED      =      1407.6715
 1-4 NB =       449.5871  1-4 EEL =      4953.0031  VDWAALS    =      9844.5921
 EELEC  =    -94805.9663  EHBOND  =         0.0000  RESTRAINT  =         0.0000
 EKCMT  =         0.0000  VIRIAL  =         0.0000  VOLUME     =    250153.7479
                                                    Density    =         1.0106
 ------------------------------------------------------------------------------


 NSTEP =  1440000   TIME(PS) =    2980.000  TEMP(K) =   298.96  PRESS =     0.0
 Etot   =    -61432.2421  EKtot   =     15098.4346  EPtot      =    -76530.6767
 BOND   =       353.9077  ANGLE   =      1214.2555  DIHED      =      1413.5447
 1-4 NB =       410.9711  1-4 EEL =      4938.6714  VDWAALS    =     10025.0836
 EELEC  =    -94887.1106  EHBOND  =         0.0000  RESTRAINT  =         0.0000
 EKCMT  =         0.0000  VIRIAL  =         0.0000  VOLUME     =    251775.8809
                                                    Density    =         1.0041
 ------------------------------------------------------------------------------


 NSTEP =  1450000   TIME(PS) =    3000.000  TEMP(K) =   300.32  PRESS =     0.0
 Etot   =    -61310.9402  EKtot   =     15167.4082  EPtot      =    -76478.3484
 BOND   =       351.0250  ANGLE   =      1209.0685  DIHED      =      1401.5391
 1-4 NB =       431.0478  1-4 EEL =      4923.4800  VDWAALS    =     10257.1199
 EELEC  =    -95051.6286  EHBOND  =         0.0000  RESTRAINT  =         0.0000
 EKCMT  =         0.0000  VIRIAL  =         0.0000  VOLUME     =    250375.2672
                                                    Density    =         1.0097
 ------------------------------------------------------------------------------


 NSTEP =  1460000   TIME(PS) =    3020.000  TEMP(K) =   301.43  PRESS =     0.0
 Etot   =    -61163.3403  EKtot   =     15223.1553  EPtot      =    -76386.4956
 BOND   =       330.9019  ANGLE   =      1225.2438  DIHED      =      1391.4562
 1-4 NB =       431.0599  1-4 EEL =      4958.4819  VDWAALS    =     10100.2760
 EELEC  =    -94823.9153  EHBOND  =         0.0000  RESTRAINT  =         0.0000
 EKCMT  =         0.0000  VIRIAL  =         0.0000  VOLUME     =    249710.4452
                                                    Density    =         1.0124
 ------------------------------------------------------------------------------


 NSTEP =  1470000   TIME(PS) =    3040.000  TEMP(K) =   301.25  PRESS =     0.0
 Etot   =    -61334.7085  EKtot   =     15214.2480  EPtot      =    -76548.9566
 BOND   =       360.2729  ANGLE   =      1204.3070  DIHED      =      1375.8953
 1-4 NB =       411.0179  1-4 EEL =      4875.8902  VDWAALS    =     10082.8840
 EELEC  =    -94859.2238  EHBOND  =         0.0000  RESTRAINT  =         0.0000
 EKCMT  =         0.0000  VIRIAL  =         0.0000  VOLUME     =    250914.5913
                                                    Density    =         1.0076
 ------------------------------------------------------------------------------


 NSTEP =  1480000   TIME(PS) =    3060.000  TEMP(K) =   302.00  PRESS =     0.0
 Etot   =    -61248.3615  EKtot   =     15252.0264  EPtot      =    -76500.3879
 BOND   =       351.4330  ANGLE   =      1218.3818  DIHED      =      1413.9918
 1-4 NB =       443.3184  1-4 EEL =      4976.2612  VDWAALS    =     10153.6612
 EELEC  =    -95057.4353  EHBOND  =         0.0000  RESTRAINT  =         0.0000
 EKCMT  =         0.0000  VIRIAL  =         0.0000  VOLUME     =    249731.0453
                                                    Density    =         1.0123
 ------------------------------------------------------------------------------


 NSTEP =  1490000   TIME(PS) =    3080.000  TEMP(K) =   298.00  PRESS =     0.0
 Etot   =    -61313.4082  EKtot   =     15049.9971  EPtot      =    -76363.4053
 BOND   =       375.9818  ANGLE   =      1189.6183  DIHED      =      1395.2942
 1-4 NB =       433.8331  1-4 EEL =      4924.5914  VDWAALS    =      9736.0280
 EELEC  =    -94418.7521  EHBOND  =         0.0000  RESTRAINT  =         0.0000
 EKCMT  =         0.0000  VIRIAL  =         0.0000  VOLUME     =    251086.0213
                                                    Density    =         1.0069
 ------------------------------------------------------------------------------


 NSTEP =  1500000   TIME(PS) =    3100.000  TEMP(K) =   301.46  PRESS =     0.0
 Etot   =    -61321.1795  EKtot   =     15224.8232  EPtot      =    -76546.0028
 BOND   =       348.8381  ANGLE   =      1213.4755  DIHED      =      1385.8333
 1-4 NB =       426.2369  1-4 EEL =      4934.0471  VDWAALS    =      9505.2959
 EELEC  =    -94359.7295  EHBOND  =         0.0000  RESTRAINT  =         0.0000
 EKCMT  =         0.0000  VIRIAL  =         0.0000  VOLUME     =    250374.2569
                                                    Density    =         1.0097
 ------------------------------------------------------------------------------


 NSTEP =  1510000   TIME(PS) =    3120.000  TEMP(K) =   299.58  PRESS =     0.0
 Etot   =    -61434.0804  EKtot   =     15130.0596  EPtot      =    -76564.1400
 BOND   =       356.3284  ANGLE   =      1192.0933  DIHED      =      1430.0631
 1-4 NB =       423.3077  1-4 EEL =      4954.6994  VDWAALS    =     10005.0186
 EELEC  =    -94925.6506  EHBOND  =         0.0000  RESTRAINT  =         0.0000
 EKCMT  =         0.0000  VIRIAL  =         0.0000  VOLUME     =    250629.9440
                                                    Density    =         1.0087
 ------------------------------------------------------------------------------


 NSTEP =  1520000   TIME(PS) =    3140.000  TEMP(K) =   301.58  PRESS =     0.0
 Etot   =    -61265.7614  EKtot   =     15230.8125  EPtot      =    -76496.5739
 BOND   =       370.4514  ANGLE   =      1197.6143  DIHED      =      1394.3234
 1-4 NB =       412.1345  1-4 EEL =      4904.7227  VDWAALS    =      9910.8415
 EELEC  =    -94686.6617  EHBOND  =         0.0000  RESTRAINT  =         0.0000
 EKCMT  =         0.0000  VIRIAL  =         0.0000  VOLUME     =    250274.4528
                                                    Density    =         1.0101
 ------------------------------------------------------------------------------


 NSTEP =  1530000   TIME(PS) =    3160.000  TEMP(K) =   302.42  PRESS =     0.0
 Etot   =    -61125.2742  EKtot   =     15273.2588  EPtot      =    -76398.5330
 BOND   =       350.4442  ANGLE   =      1195.2441  DIHED      =      1406.7354
 1-4 NB =       440.2943  1-4 EEL =      4963.4705  VDWAALS    =      9926.7834
 EELEC  =    -94681.5049  EHBOND  =         0.0000  RESTRAINT  =         0.0000
 EKCMT  =         0.0000  VIRIAL  =         0.0000  VOLUME     =    250762.8822
                                                    Density    =         1.0082
 ------------------------------------------------------------------------------


 NSTEP =  1540000   TIME(PS) =    3180.000  TEMP(K) =   298.65  PRESS =     0.0
 Etot   =    -61276.7139  EKtot   =     15083.0801  EPtot      =    -76359.7940
 BOND   =       370.6828  ANGLE   =      1208.6728  DIHED      =      1394.0882
 1-4 NB =       450.1382  1-4 EEL =      4928.6534  VDWAALS    =      9909.3369
 EELEC  =    -94621.3662  EHBOND  =         0.0000  RESTRAINT  =         0.0000
 EKCMT  =         0.0000  VIRIAL  =         0.0000  VOLUME     =    250873.2045
                                                    Density    =         1.0077
 ------------------------------------------------------------------------------


 NSTEP =  1550000   TIME(PS) =    3200.000  TEMP(K) =   299.63  PRESS =     0.0
 Etot   =    -61371.4314  EKtot   =     15132.3164  EPtot      =    -76503.7478
 BOND   =       349.0347  ANGLE   =      1231.0293  DIHED      =      1417.0578
 1-4 NB =       421.8422  1-4 EEL =      4917.7772  VDWAALS    =      9991.5491
 EELEC  =    -94832.0381  EHBOND  =         0.0000  RESTRAINT  =         0.0000
 EKCMT  =         0.0000  VIRIAL  =         0.0000  VOLUME     =    250514.9336
                                                    Density    =         1.0092
 ------------------------------------------------------------------------------


 NSTEP =  1560000   TIME(PS) =    3220.000  TEMP(K) =   297.25  PRESS =     0.0
 Etot   =    -61352.9850  EKtot   =     15011.9160  EPtot      =    -76364.9010
 BOND   =       359.4089  ANGLE   =      1214.4219  DIHED      =      1413.3180
 1-4 NB =       407.3892  1-4 EEL =      4919.5237  VDWAALS    =     10108.1795
 EELEC  =    -94787.1423  EHBOND  =         0.0000  RESTRAINT  =         0.0000
 EKCMT  =         0.0000  VIRIAL  =         0.0000  VOLUME     =    251167.7764
                                                    Density    =         1.0066
 ------------------------------------------------------------------------------


 NSTEP =  1570000   TIME(PS) =    3240.000  TEMP(K) =   300.62  PRESS =     0.0
 Etot   =    -61239.0882  EKtot   =     15182.4922  EPtot      =    -76421.5804
 BOND   =       356.4228  ANGLE   =      1177.9193  DIHED      =      1406.4990
 1-4 NB =       423.5177  1-4 EEL =      4991.5721  VDWAALS    =      9802.5776
 EELEC  =    -94580.0890  EHBOND  =         0.0000  RESTRAINT  =         0.0000
 EKCMT  =         0.0000  VIRIAL  =         0.0000  VOLUME     =    251039.5033
                                                    Density    =         1.0071
 ------------------------------------------------------------------------------


 NSTEP =  1580000   TIME(PS) =    3260.000  TEMP(K) =   300.06  PRESS =     0.0
 Etot   =    -61340.6309  EKtot   =     15154.2002  EPtot      =    -76494.8311
 BOND   =       354.7410  ANGLE   =      1203.3977  DIHED      =      1359.5721
 1-4 NB =       426.7990  1-4 EEL =      4936.3570  VDWAALS    =      9816.2663
 EELEC  =    -94591.9642  EHBOND  =         0.0000  RESTRAINT  =         0.0000
 EKCMT  =         0.0000  VIRIAL  =         0.0000  VOLUME     =    249054.4246
                                                    Density    =         1.0151
 ------------------------------------------------------------------------------


 NSTEP =  1590000   TIME(PS) =    3280.000  TEMP(K) =   300.17  PRESS =     0.0
 Etot   =    -61510.9521  EKtot   =     15159.5254  EPtot      =    -76670.4775
 BOND   =       354.2724  ANGLE   =      1192.6522  DIHED      =      1407.9715
 1-4 NB =       422.9007  1-4 EEL =      4947.0540  VDWAALS    =      9887.8953
 EELEC  =    -94883.2235  EHBOND  =         0.0000  RESTRAINT  =         0.0000
 EKCMT  =         0.0000  VIRIAL  =         0.0000  VOLUME     =    249506.4099
                                                    Density    =         1.0133
 ------------------------------------------------------------------------------


 NSTEP =  1600000   TIME(PS) =    3300.000  TEMP(K) =   299.73  PRESS =     0.0
 Etot   =    -61102.2034  EKtot   =     15137.2520  EPtot      =    -76239.4554
 BOND   =       337.8059  ANGLE   =      1232.3396  DIHED      =      1396.4784
 1-4 NB =       427.1043  1-4 EEL =      4924.2930  VDWAALS    =     10049.9843
 EELEC  =    -94607.4609  EHBOND  =         0.0000  RESTRAINT  =         0.0000
 EKCMT  =         0.0000  VIRIAL  =         0.0000  VOLUME     =    250691.4146
                                                    Density    =         1.0085
 ------------------------------------------------------------------------------


 NSTEP =  1610000   TIME(PS) =    3320.000  TEMP(K) =   300.68  PRESS =     0.0
 Etot   =    -61523.9304  EKtot   =     15185.6211  EPtot      =    -76709.5515
 BOND   =       352.4299  ANGLE   =      1213.7744  DIHED      =      1388.6166
 1-4 NB =       405.0668  1-4 EEL =      4944.9616  VDWAALS    =      9671.7478
 EELEC  =    -94686.1485  EHBOND  =         0.0000  RESTRAINT  =         0.0000
 EKCMT  =         0.0000  VIRIAL  =         0.0000  VOLUME     =    250559.9881
                                                    Density    =         1.0090
 ------------------------------------------------------------------------------


 NSTEP =  1620000   TIME(PS) =    3340.000  TEMP(K) =   302.65  PRESS =     0.0
 Etot   =    -61041.9217  EKtot   =     15284.7881  EPtot      =    -76326.7097
 BOND   =       349.0628  ANGLE   =      1180.3396  DIHED      =      1420.0735
 1-4 NB =       439.6991  1-4 EEL =      4931.0089  VDWAALS    =      9776.3919
 EELEC  =    -94423.2856  EHBOND  =         0.0000  RESTRAINT  =         0.0000
 EKCMT  =         0.0000  VIRIAL  =         0.0000  VOLUME     =    250753.3658
                                                    Density    =         1.0082
 ------------------------------------------------------------------------------


 NSTEP =  1630000   TIME(PS) =    3360.000  TEMP(K) =   300.64  PRESS =     0.0
 Etot   =    -61162.1391  EKtot   =     15183.4209  EPtot      =    -76345.5600
 BOND   =       334.0928  ANGLE   =      1206.6486  DIHED      =      1424.4070
 1-4 NB =       440.7680  1-4 EEL =      4878.3463  VDWAALS    =      9751.9266
 EELEC  =    -94381.7492  EHBOND  =         0.0000  RESTRAINT  =         0.0000
 EKCMT  =         0.0000  VIRIAL  =         0.0000  VOLUME     =    249842.2874
                                                    Density    =         1.0119
 ------------------------------------------------------------------------------


 NSTEP =  1640000   TIME(PS) =    3380.000  TEMP(K) =   297.76  PRESS =     0.0
 Etot   =    -61464.8246  EKtot   =     15037.9121  EPtot      =    -76502.7367
 BOND   =       346.4851  ANGLE   =      1216.4772  DIHED      =      1427.5352
 1-4 NB =       438.9058  1-4 EEL =      4898.5219  VDWAALS    =      9965.1381
 EELEC  =    -94795.7999  EHBOND  =         0.0000  RESTRAINT  =         0.0000
 EKCMT  =         0.0000  VIRIAL  =         0.0000  VOLUME     =    251145.5237
                                                    Density    =         1.0066
 ------------------------------------------------------------------------------


 NSTEP =  1650000   TIME(PS) =    3400.000  TEMP(K) =   301.39  PRESS =     0.0
 Etot   =    -61167.0483  EKtot   =     15221.0723  EPtot      =    -76388.1205
 BOND   =       363.2975  ANGLE   =      1228.5709  DIHED      =      1403.0730
 1-4 NB =       411.6540  1-4 EEL =      4858.6465  VDWAALS    =      9978.3426
 EELEC  =    -94631.7051  EHBOND  =         0.0000  RESTRAINT  =         0.0000
 EKCMT  =         0.0000  VIRIAL  =         0.0000  VOLUME     =    250742.1795
                                                    Density    =         1.0083
 ------------------------------------------------------------------------------


 NSTEP =  1660000   TIME(PS) =    3420.000  TEMP(K) =   303.09  PRESS =     0.0
 Etot   =    -61136.1832  EKtot   =     15306.9805  EPtot      =    -76443.1637
 BOND   =       356.9268  ANGLE   =      1199.4565  DIHED      =      1397.7742
 1-4 NB =       414.9152  1-4 EEL =      4908.9328  VDWAALS    =      9865.7360
 EELEC  =    -94586.9051  EHBOND  =         0.0000  RESTRAINT  =         0.0000
 EKCMT  =         0.0000  VIRIAL  =         0.0000  VOLUME     =    250636.4774
                                                    Density    =         1.0087
 ------------------------------------------------------------------------------


 NSTEP =  1670000   TIME(PS) =    3440.000  TEMP(K) =   304.92  PRESS =     0.0
 Etot   =    -61131.3256  EKtot   =     15399.5967  EPtot      =    -76530.9223
 BOND   =       332.5401  ANGLE   =      1193.6254  DIHED      =      1401.1820
 1-4 NB =       438.6270  1-4 EEL =      4898.4680  VDWAALS    =     10162.8037
 EELEC  =    -94958.1684  EHBOND  =         0.0000  RESTRAINT  =         0.0000
 EKCMT  =         0.0000  VIRIAL  =         0.0000  VOLUME     =    249759.0342
                                                    Density    =         1.0122
 ------------------------------------------------------------------------------


 NSTEP =  1680000   TIME(PS) =    3460.000  TEMP(K) =   301.17  PRESS =     0.0
 Etot   =    -61212.2752  EKtot   =     15209.9297  EPtot      =    -76422.2049
 BOND   =       355.1872  ANGLE   =      1224.4520  DIHED      =      1430.1069
 1-4 NB =       422.4812  1-4 EEL =      4925.7673  VDWAALS    =      9806.1882
 EELEC  =    -94586.3877  EHBOND  =         0.0000  RESTRAINT  =         0.0000
 EKCMT  =         0.0000  VIRIAL  =         0.0000  VOLUME     =    251491.8403
                                                    Density    =         1.0053
 ------------------------------------------------------------------------------


 NSTEP =  1690000   TIME(PS) =    3480.000  TEMP(K) =   300.87  PRESS =     0.0
 Etot   =    -61399.9067  EKtot   =     15194.9199  EPtot      =    -76594.8266
 BOND   =       342.3061  ANGLE   =      1218.0383  DIHED      =      1392.0006
 1-4 NB =       439.9723  1-4 EEL =      4900.7686  VDWAALS    =      9976.6122
 EELEC  =    -94864.5247  EHBOND  =         0.0000  RESTRAINT  =         0.0000
 EKCMT  =         0.0000  VIRIAL  =         0.0000  VOLUME     =    250550.1119
                                                    Density    =         1.0090
 ------------------------------------------------------------------------------


 NSTEP =  1700000   TIME(PS) =    3500.000  TEMP(K) =   298.80  PRESS =     0.0
 Etot   =    -61289.8558  EKtot   =     15090.6074  EPtot      =    -76380.4632
 BOND   =       341.5389  ANGLE   =      1200.6743  DIHED      =      1418.7362
 1-4 NB =       429.0556  1-4 EEL =      4891.4601  VDWAALS    =     10090.7691
 EELEC  =    -94752.6974  EHBOND  =         0.0000  RESTRAINT  =         0.0000
 EKCMT  =         0.0000  VIRIAL  =         0.0000  VOLUME     =    250757.0005
                                                    Density    =         1.0082
 ------------------------------------------------------------------------------


 NSTEP =  1710000   TIME(PS) =    3520.000  TEMP(K) =   301.88  PRESS =     0.0
 Etot   =    -61217.3960  EKtot   =     15245.8750  EPtot      =    -76463.2710
 BOND   =       385.4015  ANGLE   =      1161.5592  DIHED      =      1395.3762
 1-4 NB =       425.5889  1-4 EEL =      4915.8582  VDWAALS    =      9680.2514
 EELEC  =    -94427.3064  EHBOND  =         0.0000  RESTRAINT  =         0.0000
 EKCMT  =         0.0000  VIRIAL  =         0.0000  VOLUME     =    250764.0062
                                                    Density    =         1.0082
 ------------------------------------------------------------------------------


 NSTEP =  1720000   TIME(PS) =    3540.000  TEMP(K) =   301.32  PRESS =     0.0
 Etot   =    -61423.7486  EKtot   =     15217.7432  EPtot      =    -76641.4918
 BOND   =       356.5559  ANGLE   =      1197.7299  DIHED      =      1408.8339
 1-4 NB =       426.9672  1-4 EEL =      4897.2089  VDWAALS    =      9991.1087
 EELEC  =    -94919.8963  EHBOND  =         0.0000  RESTRAINT  =         0.0000
 EKCMT  =         0.0000  VIRIAL  =         0.0000  VOLUME     =    250733.1478
                                                    Density    =         1.0083
 ------------------------------------------------------------------------------


 NSTEP =  1730000   TIME(PS) =    3560.000  TEMP(K) =   297.77  PRESS =     0.0
 Etot   =    -61317.7529  EKtot   =     15038.2725  EPtot      =    -76356.0254
 BOND   =       337.8128  ANGLE   =      1229.2376  DIHED      =      1392.6862
 1-4 NB =       419.3563  1-4 EEL =      4891.5298  VDWAALS    =      9932.5784
 EELEC  =    -94559.2266  EHBOND  =         0.0000  RESTRAINT  =         0.0000
 EKCMT  =         0.0000  VIRIAL  =         0.0000  VOLUME     =    250514.2729
                                                    Density    =         1.0092
 ------------------------------------------------------------------------------


 NSTEP =  1740000   TIME(PS) =    3580.000  TEMP(K) =   301.12  PRESS =     0.0
 Etot   =    -61343.8384  EKtot   =     15207.8027  EPtot      =    -76551.6412
 BOND   =       352.6953  ANGLE   =      1244.2294  DIHED      =      1388.3613
 1-4 NB =       429.6928  1-4 EEL =      4893.9598  VDWAALS    =     10004.2739
 EELEC  =    -94864.8537  EHBOND  =         0.0000  RESTRAINT  =         0.0000
 EKCMT  =         0.0000  VIRIAL  =         0.0000  VOLUME     =    250746.5800
                                                    Density    =         1.0082
 ------------------------------------------------------------------------------


 NSTEP =  1750000   TIME(PS) =    3600.000  TEMP(K) =   302.32  PRESS =     0.0
 Etot   =    -61069.0049  EKtot   =     15268.4648  EPtot      =    -76337.4698
 BOND   =       347.2951  ANGLE   =      1227.9531  DIHED      =      1404.7707
 1-4 NB =       426.2177  1-4 EEL =      4902.7236  VDWAALS    =      9971.4421
 EELEC  =    -94617.8721  EHBOND  =         0.0000  RESTRAINT  =         0.0000
 EKCMT  =         0.0000  VIRIAL  =         0.0000  VOLUME     =    249777.1069
                                                    Density    =         1.0122
 ------------------------------------------------------------------------------


 NSTEP =  1760000   TIME(PS) =    3620.000  TEMP(K) =   299.15  PRESS =     0.0
 Etot   =    -61302.9430  EKtot   =     15108.2080  EPtot      =    -76411.1510
 BOND   =       358.3435  ANGLE   =      1209.6600  DIHED      =      1377.4554
 1-4 NB =       425.8686  1-4 EEL =      4938.9613  VDWAALS    =      9754.1825
 EELEC  =    -94475.6224  EHBOND  =         0.0000  RESTRAINT  =         0.0000
 EKCMT  =         0.0000  VIRIAL  =         0.0000  VOLUME     =    250733.1459
                                                    Density    =         1.0083
 ------------------------------------------------------------------------------


 NSTEP =  1770000   TIME(PS) =    3640.000  TEMP(K) =   302.10  PRESS =     0.0
 Etot   =    -61199.5915  EKtot   =     15257.2734  EPtot      =    -76456.8649
 BOND   =       340.7077  ANGLE   =      1245.5144  DIHED      =      1382.3004
 1-4 NB =       414.7693  1-4 EEL =      4916.3748  VDWAALS    =      9908.6985
 EELEC  =    -94665.2299  EHBOND  =         0.0000  RESTRAINT  =         0.0000
 EKCMT  =         0.0000  VIRIAL  =         0.0000  VOLUME     =    251317.7622
                                                    Density    =         1.0060
 ------------------------------------------------------------------------------


 NSTEP =  1780000   TIME(PS) =    3660.000  TEMP(K) =   298.40  PRESS =     0.0
 Etot   =    -61477.5964  EKtot   =     15070.4521  EPtot      =    -76548.0485
 BOND   =       357.6136  ANGLE   =      1212.7464  DIHED      =      1378.4769
 1-4 NB =       433.7551  1-4 EEL =      4897.4764  VDWAALS    =     10159.2556
 EELEC  =    -94987.3725  EHBOND  =         0.0000  RESTRAINT  =         0.0000
 EKCMT  =         0.0000  VIRIAL  =         0.0000  VOLUME     =    250584.1935
                                                    Density    =         1.0089
 ------------------------------------------------------------------------------


 NSTEP =  1790000   TIME(PS) =    3680.000  TEMP(K) =   303.23  PRESS =     0.0
 Etot   =    -61152.5733  EKtot   =     15314.2471  EPtot      =    -76466.8203
 BOND   =       368.4567  ANGLE   =      1248.5563  DIHED      =      1391.3344
 1-4 NB =       414.1380  1-4 EEL =      4899.6354  VDWAALS    =      9618.9076
 EELEC  =    -94407.8488  EHBOND  =         0.0000  RESTRAINT  =         0.0000
 EKCMT  =         0.0000  VIRIAL  =         0.0000  VOLUME     =    250360.6357
                                                    Density    =         1.0098
 ------------------------------------------------------------------------------


 NSTEP =  1800000   TIME(PS) =    3700.000  TEMP(K) =   299.37  PRESS =     0.0
 Etot   =    -61364.1874  EKtot   =     15119.1162  EPtot      =    -76483.3036
 BOND   =       343.2732  ANGLE   =      1204.4696  DIHED      =      1382.6686
 1-4 NB =       427.2652  1-4 EEL =      4923.0555  VDWAALS    =      9769.4599
 EELEC  =    -94533.4956  EHBOND  =         0.0000  RESTRAINT  =         0.0000
 EKCMT  =         0.0000  VIRIAL  =         0.0000  VOLUME     =    250233.2071
                                                    Density    =         1.0103
 ------------------------------------------------------------------------------


 NSTEP =  1810000   TIME(PS) =    3720.000  TEMP(K) =   297.65  PRESS =     0.0
 Etot   =    -61595.5134  EKtot   =     15032.1318  EPtot      =    -76627.6453
 BOND   =       351.4022  ANGLE   =      1224.5271  DIHED      =      1402.8591
 1-4 NB =       423.9314  1-4 EEL =      4879.4959  VDWAALS    =      9864.0617
 EELEC  =    -94773.9226  EHBOND  =         0.0000  RESTRAINT  =         0.0000
 EKCMT  =         0.0000  VIRIAL  =         0.0000  VOLUME     =    249160.7277
                                                    Density    =         1.0147
 ------------------------------------------------------------------------------


 NSTEP =  1820000   TIME(PS) =    3740.000  TEMP(K) =   301.09  PRESS =     0.0
 Etot   =    -61352.4784  EKtot   =     15206.2246  EPtot      =    -76558.7030
 BOND   =       351.4230  ANGLE   =      1205.8448  DIHED      =      1393.6515
 1-4 NB =       421.8912  1-4 EEL =      4898.6335  VDWAALS    =      9917.7150
 EELEC  =    -94747.8620  EHBOND  =         0.0000  RESTRAINT  =         0.0000
 EKCMT  =         0.0000  VIRIAL  =         0.0000  VOLUME     =    251068.8907
                                                    Density    =         1.0070
 ------------------------------------------------------------------------------


 NSTEP =  1830000   TIME(PS) =    3760.000  TEMP(K) =   300.92  PRESS =     0.0
 Etot   =    -61083.5651  EKtot   =     15197.7539  EPtot      =    -76281.3190
 BOND   =       388.4609  ANGLE   =      1213.9199  DIHED      =      1417.5277
 1-4 NB =       436.5337  1-4 EEL =      4862.4750  VDWAALS    =      9754.4101
 EELEC  =    -94354.6464  EHBOND  =         0.0000  RESTRAINT  =         0.0000
 EKCMT  =         0.0000  VIRIAL  =         0.0000  VOLUME     =    251290.8226
                                                    Density    =         1.0061
 ------------------------------------------------------------------------------


 NSTEP =  1840000   TIME(PS) =    3780.000  TEMP(K) =   299.93  PRESS =     0.0
 Etot   =    -61365.3472  EKtot   =     15147.6641  EPtot      =    -76513.0113
 BOND   =       351.1746  ANGLE   =      1222.6850  DIHED      =      1399.8443
 1-4 NB =       418.4771  1-4 EEL =      4909.1182  VDWAALS    =     10092.9577
 EELEC  =    -94907.2681  EHBOND  =         0.0000  RESTRAINT  =         0.0000
 EKCMT  =         0.0000  VIRIAL  =         0.0000  VOLUME     =    249092.4832
                                                    Density    =         1.0149
 ------------------------------------------------------------------------------


 NSTEP =  1850000   TIME(PS) =    3800.000  TEMP(K) =   302.30  PRESS =     0.0
 Etot   =    -61215.0526  EKtot   =     15267.0762  EPtot      =    -76482.1288
 BOND   =       330.5193  ANGLE   =      1220.5964  DIHED      =      1402.4520
 1-4 NB =       436.0682  1-4 EEL =      4909.2005  VDWAALS    =      9868.0644
 EELEC  =    -94649.0296  EHBOND  =         0.0000  RESTRAINT  =         0.0000
 EKCMT  =         0.0000  VIRIAL  =         0.0000  VOLUME     =    250086.7157
                                                    Density    =         1.0109
 ------------------------------------------------------------------------------


 NSTEP =  1860000   TIME(PS) =    3820.000  TEMP(K) =   302.05  PRESS =     0.0
 Etot   =    -61254.1837  EKtot   =     15254.8193  EPtot      =    -76509.0030
 BOND   =       352.3349  ANGLE   =      1197.1822  DIHED      =      1412.8141
 1-4 NB =       420.1226  1-4 EEL =      4911.8799  VDWAALS    =     10148.3363
 EELEC  =    -94951.6730  EHBOND  =         0.0000  RESTRAINT  =         0.0000
 EKCMT  =         0.0000  VIRIAL  =         0.0000  VOLUME     =    251048.7328
                                                    Density    =         1.0070
 ------------------------------------------------------------------------------


 NSTEP =  1870000   TIME(PS) =    3840.000  TEMP(K) =   300.01  PRESS =     0.0
 Etot   =    -61169.7040  EKtot   =     15151.4619  EPtot      =    -76321.1659
 BOND   =       369.2850  ANGLE   =      1193.2143  DIHED      =      1398.2283
 1-4 NB =       415.8291  1-4 EEL =      4904.8554  VDWAALS    =      9963.2127
 EELEC  =    -94565.7907  EHBOND  =         0.0000  RESTRAINT  =         0.0000
 EKCMT  =         0.0000  VIRIAL  =         0.0000  VOLUME     =    250976.6136
                                                    Density    =         1.0073
 ------------------------------------------------------------------------------


 NSTEP =  1880000   TIME(PS) =    3860.000  TEMP(K) =   297.66  PRESS =     0.0
 Etot   =    -61747.0027  EKtot   =     15032.6572  EPtot      =    -76779.6599
 BOND   =       346.4844  ANGLE   =      1215.0040  DIHED      =      1403.5186
 1-4 NB =       420.0825  1-4 EEL =      4926.4632  VDWAALS    =     10112.9183
 EELEC  =    -95204.1308  EHBOND  =         0.0000  RESTRAINT  =         0.0000
 EKCMT  =         0.0000  VIRIAL  =         0.0000  VOLUME     =    248665.8296
                                                    Density    =         1.0167
 ------------------------------------------------------------------------------


 NSTEP =  1890000   TIME(PS) =    3880.000  TEMP(K) =   296.51  PRESS =     0.0
 Etot   =    -61207.9581  EKtot   =     14974.5654  EPtot      =    -76182.5235
 BOND   =       377.8359  ANGLE   =      1252.4696  DIHED      =      1402.8159
 1-4 NB =       408.2495  1-4 EEL =      4889.6608  VDWAALS    =      9736.7140
 EELEC  =    -94250.2692  EHBOND  =         0.0000  RESTRAINT  =         0.0000
 EKCMT  =         0.0000  VIRIAL  =         0.0000  VOLUME     =    250934.0119
                                                    Density    =         1.0075
 ------------------------------------------------------------------------------


 NSTEP =  1900000   TIME(PS) =    3900.000  TEMP(K) =   302.22  PRESS =     0.0
 Etot   =    -61239.2458  EKtot   =     15263.3213  EPtot      =    -76502.5671
 BOND   =       386.3482  ANGLE   =      1220.5645  DIHED      =      1434.3187
 1-4 NB =       408.2556  1-4 EEL =      4874.4569  VDWAALS    =      9982.8727
 EELEC  =    -94809.3837  EHBOND  =         0.0000  RESTRAINT  =         0.0000
 EKCMT  =         0.0000  VIRIAL  =         0.0000  VOLUME     =    251130.4635
                                                    Density    =         1.0067
 ------------------------------------------------------------------------------


 NSTEP =  1910000   TIME(PS) =    3920.000  TEMP(K) =   300.53  PRESS =     0.0
 Etot   =    -61212.3878  EKtot   =     15177.6602  EPtot      =    -76390.0480
 BOND   =       348.3737  ANGLE   =      1203.4327  DIHED      =      1404.0166
 1-4 NB =       422.2826  1-4 EEL =      4928.8713  VDWAALS    =      9919.5544
 EELEC  =    -94616.5793  EHBOND  =         0.0000  RESTRAINT  =         0.0000
 EKCMT  =         0.0000  VIRIAL  =         0.0000  VOLUME     =    250872.2107
                                                    Density    =         1.0077
 ------------------------------------------------------------------------------


 NSTEP =  1920000   TIME(PS) =    3940.000  TEMP(K) =   302.67  PRESS =     0.0
 Etot   =    -61102.1658  EKtot   =     15285.6865  EPtot      =    -76387.8523
 BOND   =       342.4673  ANGLE   =      1211.6326  DIHED      =      1422.5601
 1-4 NB =       421.9318  1-4 EEL =      4890.2752  VDWAALS    =      9954.6244
 EELEC  =    -94631.3438  EHBOND  =         0.0000  RESTRAINT  =         0.0000
 EKCMT  =         0.0000  VIRIAL  =         0.0000  VOLUME     =    250985.3999
                                                    Density    =         1.0073
 ------------------------------------------------------------------------------


 NSTEP =  1930000   TIME(PS) =    3960.000  TEMP(K) =   297.18  PRESS =     0.0
 Etot   =    -61674.4961  EKtot   =     15008.6494  EPtot      =    -76683.1455
 BOND   =       327.5630  ANGLE   =      1199.9655  DIHED      =      1407.2988
 1-4 NB =       419.9736  1-4 EEL =      4877.5586  VDWAALS    =      9927.3111
 EELEC  =    -94842.8161  EHBOND  =         0.0000  RESTRAINT  =         0.0000
 EKCMT  =         0.0000  VIRIAL  =         0.0000  VOLUME     =    250458.7020
                                                    Density    =         1.0094
 ------------------------------------------------------------------------------


 NSTEP =  1940000   TIME(PS) =    3980.000  TEMP(K) =   300.81  PRESS =     0.0
 Etot   =    -61230.1143  EKtot   =     15191.9639  EPtot      =    -76422.0781
 BOND   =       361.6089  ANGLE   =      1220.0769  DIHED      =      1392.8431
 1-4 NB =       427.8328  1-4 EEL =      4894.5344  VDWAALS    =      9844.6714
 EELEC  =    -94563.6456  EHBOND  =         0.0000  RESTRAINT  =         0.0000
 EKCMT  =         0.0000  VIRIAL  =         0.0000  VOLUME     =    250631.4757
                                                    Density    =         1.0087
 ------------------------------------------------------------------------------


 NSTEP =  1950000   TIME(PS) =    4000.000  TEMP(K) =   302.25  PRESS =     0.0
 Etot   =    -61331.0651  EKtot   =     15264.6416  EPtot      =    -76595.7067
 BOND   =       341.6453  ANGLE   =      1247.4737  DIHED      =      1393.4475
 1-4 NB =       416.7081  1-4 EEL =      4926.7673  VDWAALS    =      9956.3012
 EELEC  =    -94878.0497  EHBOND  =         0.0000  RESTRAINT  =         0.0000
 EKCMT  =         0.0000  VIRIAL  =         0.0000  VOLUME     =    251137.4458
                                                    Density    =         1.0067
 ------------------------------------------------------------------------------


 NSTEP =  1960000   TIME(PS) =    4020.000  TEMP(K) =   301.82  PRESS =     0.0
 Etot   =    -61145.6078  EKtot   =     15242.7979  EPtot      =    -76388.4056
 BOND   =       381.0202  ANGLE   =      1218.5742  DIHED      =      1396.9002
 1-4 NB =       430.0158  1-4 EEL =      4923.5405  VDWAALS    =      9863.8594
 EELEC  =    -94602.3159  EHBOND  =         0.0000  RESTRAINT  =         0.0000
 EKCMT  =         0.0000  VIRIAL  =         0.0000  VOLUME     =    251775.1617
                                                    Density    =         1.0041
 ------------------------------------------------------------------------------


 NSTEP =  1970000   TIME(PS) =    4040.000  TEMP(K) =   296.27  PRESS =     0.0
 Etot   =    -61795.3713  EKtot   =     14962.7578  EPtot      =    -76758.1291
 BOND   =       333.3437  ANGLE   =      1199.4291  DIHED      =      1415.2438
 1-4 NB =       425.8581  1-4 EEL =      4950.8633  VDWAALS    =     10090.6711
 EELEC  =    -95173.5383  EHBOND  =         0.0000  RESTRAINT  =         0.0000
 EKCMT  =         0.0000  VIRIAL  =         0.0000  VOLUME     =    249735.3183
                                                    Density    =         1.0123
 ------------------------------------------------------------------------------


 NSTEP =  1980000   TIME(PS) =    4060.000  TEMP(K) =   303.46  PRESS =     0.0
 Etot   =    -61154.7267  EKtot   =     15325.7236  EPtot      =    -76480.4504
 BOND   =       383.2978  ANGLE   =      1242.7824  DIHED      =      1394.3672
 1-4 NB =       405.9710  1-4 EEL =      4898.6950  VDWAALS    =      9893.2274
 EELEC  =    -94698.7911  EHBOND  =         0.0000  RESTRAINT  =         0.0000
 EKCMT  =         0.0000  VIRIAL  =         0.0000  VOLUME     =    249978.8998
                                                    Density    =         1.0113
 ------------------------------------------------------------------------------


 NSTEP =  1990000   TIME(PS) =    4080.000  TEMP(K) =   298.76  PRESS =     0.0
 Etot   =    -61362.7195  EKtot   =     15088.4922  EPtot      =    -76451.2117
 BOND   =       349.4160  ANGLE   =      1182.9028  DIHED      =      1393.6978
 1-4 NB =       434.4910  1-4 EEL =      4924.4682  VDWAALS    =      9776.8267
 EELEC  =    -94513.0143  EHBOND  =         0.0000  RESTRAINT  =         0.0000
 EKCMT  =         0.0000  VIRIAL  =         0.0000  VOLUME     =    251085.8336
                                                    Density    =         1.0069
 ------------------------------------------------------------------------------


 NSTEP =  2000000   TIME(PS) =    4100.000  TEMP(K) =   299.06  PRESS =     0.0
 Etot   =    -61375.0005  EKtot   =     15103.6484  EPtot      =    -76478.6489
 BOND   =       362.2985  ANGLE   =      1171.5813  DIHED      =      1390.9276
 1-4 NB =       434.6991  1-4 EEL =      4918.8805  VDWAALS    =     10036.3296
 EELEC  =    -94793.3655  EHBOND  =         0.0000  RESTRAINT  =         0.0000
 EKCMT  =         0.0000  VIRIAL  =         0.0000  VOLUME     =    251574.0988
                                                    Density    =         1.0049
 ------------------------------------------------------------------------------


 NSTEP =  2010000   TIME(PS) =    4120.000  TEMP(K) =   301.62  PRESS =     0.0
 Etot   =    -61044.3724  EKtot   =     15232.8672  EPtot      =    -76277.2396
 BOND   =       334.0951  ANGLE   =      1198.8123  DIHED      =      1402.7573
 1-4 NB =       440.1486  1-4 EEL =      4903.4134  VDWAALS    =      9936.9469
 EELEC  =    -94493.4133  EHBOND  =         0.0000  RESTRAINT  =         0.0000
 EKCMT  =         0.0000  VIRIAL  =         0.0000  VOLUME     =    250972.2677
                                                    Density    =         1.0073
 ------------------------------------------------------------------------------


 NSTEP =  2020000   TIME(PS) =    4140.000  TEMP(K) =   301.65  PRESS =     0.0
 Etot   =    -61306.7357  EKtot   =     15234.4922  EPtot      =    -76541.2279
 BOND   =       346.8583  ANGLE   =      1172.9003  DIHED      =      1418.6816
 1-4 NB =       423.3061  1-4 EEL =      4900.4061  VDWAALS    =      9878.1252
 EELEC  =    -94681.5053  EHBOND  =         0.0000  RESTRAINT  =         0.0000
 EKCMT  =         0.0000  VIRIAL  =         0.0000  VOLUME     =    250632.1920
                                                    Density    =         1.0087
 ------------------------------------------------------------------------------


 NSTEP =  2030000   TIME(PS) =    4160.000  TEMP(K) =   297.72  PRESS =     0.0
 Etot   =    -61306.3865  EKtot   =     15035.9629  EPtot      =    -76342.3494
 BOND   =       322.4727  ANGLE   =      1176.2952  DIHED      =      1366.4912
 1-4 NB =       414.2710  1-4 EEL =      4876.9168  VDWAALS    =      9853.2156
 EELEC  =    -94352.0119  EHBOND  =         0.0000  RESTRAINT  =         0.0000
 EKCMT  =         0.0000  VIRIAL  =         0.0000  VOLUME     =    251300.6751
                                                    Density    =         1.0060
 ------------------------------------------------------------------------------


 NSTEP =  2040000   TIME(PS) =    4180.000  TEMP(K) =   297.85  PRESS =     0.0
 Etot   =    -61327.9649  EKtot   =     15042.3242  EPtot      =    -76370.2891
 BOND   =       346.6169  ANGLE   =      1221.6856  DIHED      =      1398.5845
 1-4 NB =       438.6274  1-4 EEL =      4953.4597  VDWAALS    =      9877.4549
 EELEC  =    -94606.7182  EHBOND  =         0.0000  RESTRAINT  =         0.0000
 EKCMT  =         0.0000  VIRIAL  =         0.0000  VOLUME     =    250193.4040
                                                    Density    =         1.0105
 ------------------------------------------------------------------------------


 NSTEP =  2050000   TIME(PS) =    4200.000  TEMP(K) =   300.20  PRESS =     0.0
 Etot   =    -61209.2004  EKtot   =     15161.1162  EPtot      =    -76370.3166
 BOND   =       360.7235  ANGLE   =      1219.2788  DIHED      =      1414.3449
 1-4 NB =       415.9666  1-4 EEL =      4912.1273  VDWAALS    =      9925.6874
 EELEC  =    -94618.4450  EHBOND  =         0.0000  RESTRAINT  =         0.0000
 EKCMT  =         0.0000  VIRIAL  =         0.0000  VOLUME     =    250508.7140
                                                    Density    =         1.0092
 ------------------------------------------------------------------------------


 NSTEP =  2060000   TIME(PS) =    4220.000  TEMP(K) =   302.54  PRESS =     0.0
 Etot   =    -61404.5636  EKtot   =     15279.3730  EPtot      =    -76683.9366
 BOND   =       338.5883  ANGLE   =      1238.8916  DIHED      =      1374.6606
 1-4 NB =       420.6677  1-4 EEL =      4920.5180  VDWAALS    =      9960.0252
 EELEC  =    -94937.2880  EHBOND  =         0.0000  RESTRAINT  =         0.0000
 EKCMT  =         0.0000  VIRIAL  =         0.0000  VOLUME     =    251644.6602
                                                    Density    =         1.0046
 ------------------------------------------------------------------------------


 NSTEP =  2070000   TIME(PS) =    4240.000  TEMP(K) =   298.19  PRESS =     0.0
 Etot   =    -61418.3359  EKtot   =     15059.5752  EPtot      =    -76477.9111
 BOND   =       355.3134  ANGLE   =      1183.0859  DIHED      =      1377.7747
 1-4 NB =       415.6952  1-4 EEL =      4937.2197  VDWAALS    =      9800.1640
 EELEC  =    -94547.1640  EHBOND  =         0.0000  RESTRAINT  =         0.0000
 EKCMT  =         0.0000  VIRIAL  =         0.0000  VOLUME     =    250933.8539
                                                    Density    =         1.0075
 ------------------------------------------------------------------------------


 NSTEP =  2080000   TIME(PS) =    4260.000  TEMP(K) =   295.78  PRESS =     0.0
 Etot   =    -61652.4962  EKtot   =     14938.0244  EPtot      =    -76590.5206
 BOND   =       379.4229  ANGLE   =      1230.2132  DIHED      =      1391.5660
 1-4 NB =       424.1120  1-4 EEL =      4985.2811  VDWAALS    =      9714.3666
 EELEC  =    -94715.4825  EHBOND  =         0.0000  RESTRAINT  =         0.0000
 EKCMT  =         0.0000  VIRIAL  =         0.0000  VOLUME     =    251055.3469
                                                    Density    =         1.0070
 ------------------------------------------------------------------------------


 NSTEP =  2090000   TIME(PS) =    4280.000  TEMP(K) =   299.41  PRESS =     0.0
 Etot   =    -61373.3470  EKtot   =     15121.0156  EPtot      =    -76494.3627
 BOND   =       349.6532  ANGLE   =      1231.1874  DIHED      =      1387.2047
 1-4 NB =       430.9362  1-4 EEL =      4963.3847  VDWAALS    =      9758.4583
 EELEC  =    -94615.1872  EHBOND  =         0.0000  RESTRAINT  =         0.0000
 EKCMT  =         0.0000  VIRIAL  =         0.0000  VOLUME     =    251613.1105
                                                    Density    =         1.0048
 ------------------------------------------------------------------------------


 NSTEP =  2100000   TIME(PS) =    4300.000  TEMP(K) =   299.24  PRESS =     0.0
 Etot   =    -61369.2589  EKtot   =     15112.4385  EPtot      =    -76481.6973
 BOND   =       354.8004  ANGLE   =      1185.3651  DIHED      =      1398.3847
 1-4 NB =       432.3418  1-4 EEL =      4940.1311  VDWAALS    =     10077.9456
 EELEC  =    -94870.6660  EHBOND  =         0.0000  RESTRAINT  =         0.0000
 EKCMT  =         0.0000  VIRIAL  =         0.0000  VOLUME     =    251488.6660
                                                    Density    =         1.0053
 ------------------------------------------------------------------------------


 NSTEP =  2110000   TIME(PS) =    4320.000  TEMP(K) =   298.03  PRESS =     0.0
 Etot   =    -61427.7763  EKtot   =     15051.6885  EPtot      =    -76479.4648
 BOND   =       340.5556  ANGLE   =      1228.5613  DIHED      =      1386.6760
 1-4 NB =       426.7082  1-4 EEL =      4944.1314  VDWAALS    =      9812.1159
 EELEC  =    -94618.2132  EHBOND  =         0.0000  RESTRAINT  =         0.0000
 EKCMT  =         0.0000  VIRIAL  =         0.0000  VOLUME     =    251099.0487
                                                    Density    =         1.0068
 ------------------------------------------------------------------------------


 NSTEP =  2120000   TIME(PS) =    4340.000  TEMP(K) =   297.96  PRESS =     0.0
 Etot   =    -61425.3311  EKtot   =     15047.9648  EPtot      =    -76473.2959
 BOND   =       327.5165  ANGLE   =      1223.1104  DIHED      =      1397.0673
 1-4 NB =       431.7858  1-4 EEL =      4930.5692  VDWAALS    =      9642.5240
 EELEC  =    -94425.8692  EHBOND  =         0.0000  RESTRAINT  =         0.0000
 EKCMT  =         0.0000  VIRIAL  =         0.0000  VOLUME     =    249341.6036
                                                    Density    =         1.0139
 ------------------------------------------------------------------------------


 NSTEP =  2130000   TIME(PS) =    4360.000  TEMP(K) =   302.14  PRESS =     0.0
 Etot   =    -61026.5610  EKtot   =     15259.2656  EPtot      =    -76285.8267
 BOND   =       366.7364  ANGLE   =      1184.6350  DIHED      =      1391.3475
 1-4 NB =       423.9251  1-4 EEL =      4942.4719  VDWAALS    =      9848.2435
 EELEC  =    -94443.1861  EHBOND  =         0.0000  RESTRAINT  =         0.0000
 EKCMT  =         0.0000  VIRIAL  =         0.0000  VOLUME     =    251487.9538
                                                    Density    =         1.0053
 ------------------------------------------------------------------------------


 NSTEP =  2140000   TIME(PS) =    4380.000  TEMP(K) =   299.58  PRESS =     0.0
 Etot   =    -61245.6438  EKtot   =     15129.7070  EPtot      =    -76375.3508
 BOND   =       325.4171  ANGLE   =      1209.7896  DIHED      =      1399.5939
 1-4 NB =       430.3443  1-4 EEL =      4909.8061  VDWAALS    =      9636.2259
 EELEC  =    -94286.5276  EHBOND  =         0.0000  RESTRAINT  =         0.0000
 EKCMT  =         0.0000  VIRIAL  =         0.0000  VOLUME     =    251290.4806
                                                    Density    =         1.0061
 ------------------------------------------------------------------------------


 NSTEP =  2150000   TIME(PS) =    4400.000  TEMP(K) =   300.28  PRESS =     0.0
 Etot   =    -61352.5960  EKtot   =     15165.4316  EPtot      =    -76518.0276
 BOND   =       370.1084  ANGLE   =      1203.2621  DIHED      =      1384.8544
 1-4 NB =       409.6497  1-4 EEL =      4920.1050  VDWAALS    =      9898.5805
 EELEC  =    -94704.5877  EHBOND  =         0.0000  RESTRAINT  =         0.0000
 EKCMT  =         0.0000  VIRIAL  =         0.0000  VOLUME     =    252145.0874
                                                    Density    =         1.0027
 ------------------------------------------------------------------------------


 NSTEP =  2160000   TIME(PS) =    4420.000  TEMP(K) =   301.00  PRESS =     0.0
 Etot   =    -61315.2734  EKtot   =     15201.4541  EPtot      =    -76516.7275
 BOND   =       376.4031  ANGLE   =      1218.4840  DIHED      =      1389.1434
 1-4 NB =       417.2655  1-4 EEL =      4891.6880  VDWAALS    =      9969.3780
 EELEC  =    -94779.0896  EHBOND  =         0.0000  RESTRAINT  =         0.0000
 EKCMT  =         0.0000  VIRIAL  =         0.0000  VOLUME     =    250730.7032
                                                    Density    =         1.0083
 ------------------------------------------------------------------------------


 NSTEP =  2170000   TIME(PS) =    4440.000  TEMP(K) =   302.84  PRESS =     0.0
 Etot   =    -61156.0147  EKtot   =     15294.6016  EPtot      =    -76450.6163
 BOND   =       349.8148  ANGLE   =      1226.4229  DIHED      =      1397.4266
 1-4 NB =       399.9667  1-4 EEL =      4896.5499  VDWAALS    =      9880.5719
 EELEC  =    -94601.3691  EHBOND  =         0.0000  RESTRAINT  =         0.0000
 EKCMT  =         0.0000  VIRIAL  =         0.0000  VOLUME     =    249936.7484
                                                    Density    =         1.0115
 ------------------------------------------------------------------------------


 NSTEP =  2180000   TIME(PS) =    4460.000  TEMP(K) =   299.95  PRESS =     0.0
 Etot   =    -61351.9791  EKtot   =     15148.5000  EPtot      =    -76500.4791
 BOND   =       336.3816  ANGLE   =      1202.1284  DIHED      =      1405.1701
 1-4 NB =       419.6065  1-4 EEL =      4917.1950  VDWAALS    =      9917.2619
 EELEC  =    -94698.2225  EHBOND  =         0.0000  RESTRAINT  =         0.0000
 EKCMT  =         0.0000  VIRIAL  =         0.0000  VOLUME     =    252212.7272
                                                    Density    =         1.0024
 ------------------------------------------------------------------------------


 NSTEP =  2190000   TIME(PS) =    4480.000  TEMP(K) =   303.26  PRESS =     0.0
 Etot   =    -61180.8469  EKtot   =     15315.7764  EPtot      =    -76496.6232
 BOND   =       349.2574  ANGLE   =      1236.8293  DIHED      =      1401.9902
 1-4 NB =       419.4939  1-4 EEL =      4906.0167  VDWAALS    =      9972.2698
 EELEC  =    -94782.4806  EHBOND  =         0.0000  RESTRAINT  =         0.0000
 EKCMT  =         0.0000  VIRIAL  =         0.0000  VOLUME     =    249832.2455
                                                    Density    =         1.0119
 ------------------------------------------------------------------------------


 NSTEP =  2200000   TIME(PS) =    4500.000  TEMP(K) =   299.43  PRESS =     0.0
 Etot   =    -61272.5819  EKtot   =     15122.1133  EPtot      =    -76394.6952
 BOND   =       312.5653  ANGLE   =      1222.9051  DIHED      =      1390.1468
 1-4 NB =       429.5121  1-4 EEL =      4929.5463  VDWAALS    =      9572.5448
 EELEC  =    -94251.9156  EHBOND  =         0.0000  RESTRAINT  =         0.0000
 EKCMT  =         0.0000  VIRIAL  =         0.0000  VOLUME     =    251556.6558
                                                    Density    =         1.0050
 ------------------------------------------------------------------------------


 NSTEP =  2210000   TIME(PS) =    4520.000  TEMP(K) =   302.38  PRESS =     0.0
 Etot   =    -61251.2177  EKtot   =     15271.1328  EPtot      =    -76522.3506
 BOND   =       336.9995  ANGLE   =      1218.2953  DIHED      =      1403.4499
 1-4 NB =       435.9679  1-4 EEL =      4916.8194  VDWAALS    =      9850.8851
 EELEC  =    -94684.7677  EHBOND  =         0.0000  RESTRAINT  =         0.0000
 EKCMT  =         0.0000  VIRIAL  =         0.0000  VOLUME     =    249355.8464
                                                    Density    =         1.0139
 ------------------------------------------------------------------------------


 NSTEP =  2220000   TIME(PS) =    4540.000  TEMP(K) =   298.60  PRESS =     0.0
 Etot   =    -61533.0311  EKtot   =     15080.5781  EPtot      =    -76613.6092
 BOND   =       362.1983  ANGLE   =      1203.1353  DIHED      =      1402.2619
 1-4 NB =       414.6310  1-4 EEL =      4914.4025  VDWAALS    =      9780.1492
 EELEC  =    -94690.3874  EHBOND  =         0.0000  RESTRAINT  =         0.0000
 EKCMT  =         0.0000  VIRIAL  =         0.0000  VOLUME     =    250258.3754
                                                    Density    =         1.0102
 ------------------------------------------------------------------------------


 NSTEP =  2230000   TIME(PS) =    4560.000  TEMP(K) =   302.13  PRESS =     0.0
 Etot   =    -61308.4810  EKtot   =     15258.8447  EPtot      =    -76567.3257
 BOND   =       311.3959  ANGLE   =      1199.4313  DIHED      =      1405.0042
 1-4 NB =       420.3528  1-4 EEL =      4914.8666  VDWAALS    =      9968.2101
 EELEC  =    -94786.5867  EHBOND  =         0.0000  RESTRAINT  =         0.0000
 EKCMT  =         0.0000  VIRIAL  =         0.0000  VOLUME     =    250967.1895
                                                    Density    =         1.0074
 ------------------------------------------------------------------------------


 NSTEP =  2240000   TIME(PS) =    4580.000  TEMP(K) =   299.91  PRESS =     0.0
 Etot   =    -61532.3001  EKtot   =     15146.3857  EPtot      =    -76678.6858
 BOND   =       358.9536  ANGLE   =      1226.7274  DIHED      =      1382.5602
 1-4 NB =       418.4888  1-4 EEL =      4849.5578  VDWAALS    =     10126.1901
 EELEC  =    -95041.1637  EHBOND  =         0.0000  RESTRAINT  =         0.0000
 EKCMT  =         0.0000  VIRIAL  =         0.0000  VOLUME     =    251337.2043
                                                    Density    =         1.0059
 ------------------------------------------------------------------------------


 NSTEP =  2250000   TIME(PS) =    4600.000  TEMP(K) =   299.53  PRESS =     0.0
 Etot   =    -61133.8872  EKtot   =     15127.4775  EPtot      =    -76261.3647
 BOND   =       391.2720  ANGLE   =      1218.3505  DIHED      =      1405.9974
 1-4 NB =       417.7047  1-4 EEL =      4879.7159  VDWAALS    =      9724.2274
 EELEC  =    -94298.6326  EHBOND  =         0.0000  RESTRAINT  =         0.0000
 EKCMT  =         0.0000  VIRIAL  =         0.0000  VOLUME     =    251064.6360
                                                    Density    =         1.0070
 ------------------------------------------------------------------------------


 NSTEP =  2260000   TIME(PS) =    4620.000  TEMP(K) =   297.64  PRESS =     0.0
 Etot   =    -61266.6965  EKtot   =     15031.8643  EPtot      =    -76298.5607
 BOND   =       346.8455  ANGLE   =      1231.4111  DIHED      =      1398.9371
 1-4 NB =       421.8756  1-4 EEL =      4929.0454  VDWAALS    =      9799.5337
 EELEC  =    -94426.2091  EHBOND  =         0.0000  RESTRAINT  =         0.0000
 EKCMT  =         0.0000  VIRIAL  =         0.0000  VOLUME     =    249627.0679
                                                    Density    =         1.0128
 ------------------------------------------------------------------------------


 NSTEP =  2270000   TIME(PS) =    4640.000  TEMP(K) =   302.92  PRESS =     0.0
 Etot   =    -60982.4452  EKtot   =     15298.4502  EPtot      =    -76280.8954
 BOND   =       351.0105  ANGLE   =      1224.2055  DIHED      =      1407.9355
 1-4 NB =       414.5329  1-4 EEL =      4846.9725  VDWAALS    =      9960.8035
 EELEC  =    -94486.3557  EHBOND  =         0.0000  RESTRAINT  =         0.0000
 EKCMT  =         0.0000  VIRIAL  =         0.0000  VOLUME     =    250953.3106
                                                    Density    =         1.0074
 ------------------------------------------------------------------------------


 NSTEP =  2280000   TIME(PS) =    4660.000  TEMP(K) =   298.11  PRESS =     0.0
 Etot   =    -61548.4142  EKtot   =     15055.6602  EPtot      =    -76604.0743
 BOND   =       337.2409  ANGLE   =      1215.3496  DIHED      =      1386.2882
 1-4 NB =       427.2417  1-4 EEL =      4916.2842  VDWAALS    =     10048.5381
 EELEC  =    -94935.0170  EHBOND  =         0.0000  RESTRAINT  =         0.0000
 EKCMT  =         0.0000  VIRIAL  =         0.0000  VOLUME     =    250552.3054
                                                    Density    =         1.0090
 ------------------------------------------------------------------------------


 NSTEP =  2290000   TIME(PS) =    4680.000  TEMP(K) =   299.28  PRESS =     0.0
 Etot   =    -61326.9034  EKtot   =     15114.6562  EPtot      =    -76441.5597
 BOND   =       357.5341  ANGLE   =      1250.2830  DIHED      =      1418.7115
 1-4 NB =       420.5709  1-4 EEL =      4875.7926  VDWAALS    =      9927.9164
 EELEC  =    -94692.3683  EHBOND  =         0.0000  RESTRAINT  =         0.0000
 EKCMT  =         0.0000  VIRIAL  =         0.0000  VOLUME     =    251381.4049
                                                    Density    =         1.0057
 ------------------------------------------------------------------------------


 NSTEP =  2300000   TIME(PS) =    4700.000  TEMP(K) =   301.19  PRESS =     0.0
 Etot   =    -61428.2704  EKtot   =     15211.1641  EPtot      =    -76639.4345
 BOND   =       359.3924  ANGLE   =      1222.9596  DIHED      =      1401.2560
 1-4 NB =       419.4435  1-4 EEL =      4904.3131  VDWAALS    =      9988.4537
 EELEC  =    -94935.2528  EHBOND  =         0.0000  RESTRAINT  =         0.0000
 EKCMT  =         0.0000  VIRIAL  =         0.0000  VOLUME     =    251298.7847
                                                    Density    =         1.0060
 ------------------------------------------------------------------------------


 NSTEP =  2310000   TIME(PS) =    4720.000  TEMP(K) =   300.77  PRESS =     0.0
 Etot   =    -61330.8799  EKtot   =     15189.8965  EPtot      =    -76520.7764
 BOND   =       362.0235  ANGLE   =      1201.2496  DIHED      =      1428.1030
 1-4 NB =       420.5336  1-4 EEL =      4837.8594  VDWAALS    =      9892.1096
 EELEC  =    -94662.6551  EHBOND  =         0.0000  RESTRAINT  =         0.0000
 EKCMT  =         0.0000  VIRIAL  =         0.0000  VOLUME     =    250240.7268
                                                    Density    =         1.0103
 ------------------------------------------------------------------------------


 NSTEP =  2320000   TIME(PS) =    4740.000  TEMP(K) =   300.67  PRESS =     0.0
 Etot   =    -61389.3543  EKtot   =     15184.7139  EPtot      =    -76574.0682
 BOND   =       341.3323  ANGLE   =      1196.7501  DIHED      =      1403.0315
 1-4 NB =       427.0644  1-4 EEL =      4882.5864  VDWAALS    =     10111.9647
 EELEC  =    -94936.7976  EHBOND  =         0.0000  RESTRAINT  =         0.0000
 EKCMT  =         0.0000  VIRIAL  =         0.0000  VOLUME     =    250754.6326
                                                    Density    =         1.0082
 ------------------------------------------------------------------------------


 NSTEP =  2330000   TIME(PS) =    4760.000  TEMP(K) =   301.42  PRESS =     0.0
 Etot   =    -61373.9791  EKtot   =     15222.9160  EPtot      =    -76596.8951
 BOND   =       338.6309  ANGLE   =      1184.4848  DIHED      =      1401.0827
 1-4 NB =       428.9410  1-4 EEL =      4898.7461  VDWAALS    =     10000.5097
 EELEC  =    -94849.2902  EHBOND  =         0.0000  RESTRAINT  =         0.0000
 EKCMT  =         0.0000  VIRIAL  =         0.0000  VOLUME     =    250520.2865
                                                    Density    =         1.0092
 ------------------------------------------------------------------------------


 NSTEP =  2340000   TIME(PS) =    4780.000  TEMP(K) =   299.57  PRESS =     0.0
 Etot   =    -61123.2134  EKtot   =     15129.5645  EPtot      =    -76252.7778
 BOND   =       344.7220  ANGLE   =      1252.2786  DIHED      =      1401.3382
 1-4 NB =       436.7487  1-4 EEL =      4922.6527  VDWAALS    =      9686.7530
 EELEC  =    -94297.2710  EHBOND  =         0.0000  RESTRAINT  =         0.0000
 EKCMT  =         0.0000  VIRIAL  =         0.0000  VOLUME     =    250356.3503
                                                    Density    =         1.0098
 ------------------------------------------------------------------------------


 NSTEP =  2350000   TIME(PS) =    4800.000  TEMP(K) =   301.52  PRESS =     0.0
 Etot   =    -61003.9031  EKtot   =     15228.0518  EPtot      =    -76231.9549
 BOND   =       339.1870  ANGLE   =      1235.9016  DIHED      =      1382.9441
 1-4 NB =       424.9065  1-4 EEL =      4890.8261  VDWAALS    =      9851.7080
 EELEC  =    -94357.4282  EHBOND  =         0.0000  RESTRAINT  =         0.0000
 EKCMT  =         0.0000  VIRIAL  =         0.0000  VOLUME     =    251716.9280
                                                    Density    =         1.0044
 ------------------------------------------------------------------------------


 NSTEP =  2360000   TIME(PS) =    4820.000  TEMP(K) =   298.24  PRESS =     0.0
 Etot   =    -61320.0176  EKtot   =     15061.9766  EPtot      =    -76381.9942
 BOND   =       335.5535  ANGLE   =      1216.6917  DIHED      =      1374.5176
 1-4 NB =       407.5389  1-4 EEL =      4875.3968  VDWAALS    =     10012.4422
 EELEC  =    -94604.1349  EHBOND  =         0.0000  RESTRAINT  =         0.0000
 EKCMT  =         0.0000  VIRIAL  =         0.0000  VOLUME     =    250805.3306
                                                    Density    =         1.0080
 ------------------------------------------------------------------------------


 NSTEP =  2370000   TIME(PS) =    4840.000  TEMP(K) =   300.72  PRESS =     0.0
 Etot   =    -61271.6599  EKtot   =     15187.3457  EPtot      =    -76459.0056
 BOND   =       340.7135  ANGLE   =      1187.0468  DIHED      =      1386.5339
 1-4 NB =       439.4451  1-4 EEL =      4920.5285  VDWAALS    =      9781.6212
 EELEC  =    -94514.8947  EHBOND  =         0.0000  RESTRAINT  =         0.0000
 EKCMT  =         0.0000  VIRIAL  =         0.0000  VOLUME     =    250995.9844
                                                    Density    =         1.0072
 ------------------------------------------------------------------------------


 NSTEP =  2380000   TIME(PS) =    4860.000  TEMP(K) =   298.48  PRESS =     0.0
 Etot   =    -61392.4684  EKtot   =     15074.1475  EPtot      =    -76466.6158
 BOND   =       365.7383  ANGLE   =      1207.9225  DIHED      =      1394.8032
 1-4 NB =       404.8575  1-4 EEL =      4842.5867  VDWAALS    =     10037.1455
 EELEC  =    -94719.6696  EHBOND  =         0.0000  RESTRAINT  =         0.0000
 EKCMT  =         0.0000  VIRIAL  =         0.0000  VOLUME     =    251749.1740
                                                    Density    =         1.0042
 ------------------------------------------------------------------------------


 NSTEP =  2390000   TIME(PS) =    4880.000  TEMP(K) =   301.70  PRESS =     0.0
 Etot   =    -61253.9177  EKtot   =     15237.0947  EPtot      =    -76491.0125
 BOND   =       366.7114  ANGLE   =      1209.6753  DIHED      =      1388.0092
 1-4 NB =       426.7596  1-4 EEL =      4881.1355  VDWAALS    =      9936.5600
 EELEC  =    -94699.8635  EHBOND  =         0.0000  RESTRAINT  =         0.0000
 EKCMT  =         0.0000  VIRIAL  =         0.0000  VOLUME     =    249857.2763
                                                    Density    =         1.0118
 ------------------------------------------------------------------------------


 NSTEP =  2400000   TIME(PS) =    4900.000  TEMP(K) =   297.22  PRESS =     0.0
 Etot   =    -61570.4256  EKtot   =     15010.5938  EPtot      =    -76581.0193
 BOND   =       344.2809  ANGLE   =      1191.9360  DIHED      =      1391.5485
 1-4 NB =       433.1078  1-4 EEL =      4889.9019  VDWAALS    =     10096.9590
 EELEC  =    -94928.7534  EHBOND  =         0.0000  RESTRAINT  =         0.0000
 EKCMT  =         0.0000  VIRIAL  =         0.0000  VOLUME     =    251312.6080
                                                    Density    =         1.0060
 ------------------------------------------------------------------------------


 NSTEP =  2410000   TIME(PS) =    4920.000  TEMP(K) =   298.34  PRESS =     0.0
 Etot   =    -61662.8336  EKtot   =     15067.4463  EPtot      =    -76730.2799
 BOND   =       316.0268  ANGLE   =      1202.1608  DIHED      =      1390.7773
 1-4 NB =       425.2611  1-4 EEL =      4868.9619  VDWAALS    =      9718.6624
 EELEC  =    -94652.1302  EHBOND  =         0.0000  RESTRAINT  =         0.0000
 EKCMT  =         0.0000  VIRIAL  =         0.0000  VOLUME     =    249722.0637
                                                    Density    =         1.0124
 ------------------------------------------------------------------------------


 NSTEP =  2420000   TIME(PS) =    4940.000  TEMP(K) =   300.05  PRESS =     0.0
 Etot   =    -61245.3562  EKtot   =     15153.4453  EPtot      =    -76398.8015
 BOND   =       352.3223  ANGLE   =      1183.3739  DIHED      =      1403.7291
 1-4 NB =       428.7671  1-4 EEL =      4828.8226  VDWAALS    =      9880.9991
 EELEC  =    -94476.8156  EHBOND  =         0.0000  RESTRAINT  =         0.0000
 EKCMT  =         0.0000  VIRIAL  =         0.0000  VOLUME     =    250732.8898
                                                    Density    =         1.0083
 ------------------------------------------------------------------------------


 NSTEP =  2430000   TIME(PS) =    4960.000  TEMP(K) =   303.07  PRESS =     0.0
 Etot   =    -61075.9568  EKtot   =     15306.1211  EPtot      =    -76382.0779
 BOND   =       348.2734  ANGLE   =      1209.5994  DIHED      =      1377.6080
 1-4 NB =       408.1096  1-4 EEL =      4871.0181  VDWAALS    =      9966.9855
 EELEC  =    -94563.6720  EHBOND  =         0.0000  RESTRAINT  =         0.0000
 EKCMT  =         0.0000  VIRIAL  =         0.0000  VOLUME     =    251244.7142
                                                    Density    =         1.0062
 ------------------------------------------------------------------------------


 NSTEP =  2440000   TIME(PS) =    4980.000  TEMP(K) =   297.29  PRESS =     0.0
 Etot   =    -61279.1693  EKtot   =     15014.2051  EPtot      =    -76293.3743
 BOND   =       320.3018  ANGLE   =      1225.7316  DIHED      =      1401.6774
 1-4 NB =       414.6531  1-4 EEL =      4849.8681  VDWAALS    =     10100.6541
 EELEC  =    -94606.2604  EHBOND  =         0.0000  RESTRAINT  =         0.0000
 EKCMT  =         0.0000  VIRIAL  =         0.0000  VOLUME     =    251394.0800
                                                    Density    =         1.0056
 ------------------------------------------------------------------------------


 NSTEP =  2450000   TIME(PS) =    5000.000  TEMP(K) =   301.47  PRESS =     0.0
 Etot   =    -61026.2172  EKtot   =     15225.2119  EPtot      =    -76251.4291
 BOND   =       349.7724  ANGLE   =      1205.4166  DIHED      =      1362.3857
 1-4 NB =       436.6970  1-4 EEL =      4860.5152  VDWAALS    =      9634.4708
 EELEC  =    -94100.6869  EHBOND  =         0.0000  RESTRAINT  =         0.0000
 EKCMT  =         0.0000  VIRIAL  =         0.0000  VOLUME     =    252024.2029
                                                    Density    =         1.0031
 ------------------------------------------------------------------------------


 NSTEP =  2460000   TIME(PS) =    5020.000  TEMP(K) =   298.07  PRESS =     0.0
 Etot   =    -61462.8897  EKtot   =     15053.4453  EPtot      =    -76516.3350
 BOND   =       339.3640  ANGLE   =      1188.5845  DIHED      =      1391.9449
 1-4 NB =       426.2592  1-4 EEL =      4894.8343  VDWAALS    =      9957.9033
 EELEC  =    -94715.2254  EHBOND  =         0.0000  RESTRAINT  =         0.0000
 EKCMT  =         0.0000  VIRIAL  =         0.0000  VOLUME     =    251221.6467
                                                    Density    =         1.0063
 ------------------------------------------------------------------------------


 NSTEP =  2470000   TIME(PS) =    5040.000  TEMP(K) =   299.72  PRESS =     0.0
 Etot   =    -61501.3426  EKtot   =     15137.0889  EPtot      =    -76638.4315
 BOND   =       345.5421  ANGLE   =      1185.2887  DIHED      =      1402.7299
 1-4 NB =       426.6190  1-4 EEL =      4925.4886  VDWAALS    =      9825.9213
 EELEC  =    -94750.0212  EHBOND  =         0.0000  RESTRAINT  =         0.0000
 EKCMT  =         0.0000  VIRIAL  =         0.0000  VOLUME     =    250005.1024
                                                    Density    =         1.0112
 ------------------------------------------------------------------------------


 NSTEP =  2480000   TIME(PS) =    5060.000  TEMP(K) =   301.53  PRESS =     0.0
 Etot   =    -61048.8796  EKtot   =     15228.3496  EPtot      =    -76277.2292
 BOND   =       374.1940  ANGLE   =      1216.7477  DIHED      =      1401.9499
 1-4 NB =       418.4945  1-4 EEL =      4874.5681  VDWAALS    =      9804.4003
 EELEC  =    -94367.5838  EHBOND  =         0.0000  RESTRAINT  =         0.0000
 EKCMT  =         0.0000  VIRIAL  =         0.0000  VOLUME     =    250540.0223
                                                    Density    =         1.0091
 ------------------------------------------------------------------------------


 NSTEP =  2490000   TIME(PS) =    5080.000  TEMP(K) =   302.48  PRESS =     0.0
 Etot   =    -60889.1155  EKtot   =     15276.1865  EPtot      =    -76165.3021
 BOND   =       359.6576  ANGLE   =      1203.9123  DIHED      =      1385.3298
 1-4 NB =       432.7642  1-4 EEL =      4918.2177  VDWAALS    =      9773.2020
 EELEC  =    -94238.3858  EHBOND  =         0.0000  RESTRAINT  =         0.0000
 EKCMT  =         0.0000  VIRIAL  =         0.0000  VOLUME     =    251524.1381
                                                    Density    =         1.0051
 ------------------------------------------------------------------------------


 NSTEP =  2500000   TIME(PS) =    5100.000  TEMP(K) =   302.47  PRESS =     0.0
 Etot   =    -61191.4618  EKtot   =     15275.5488  EPtot      =    -76467.0106
 BOND   =       397.8616  ANGLE   =      1246.6345  DIHED      =      1412.6497
 1-4 NB =       418.7145  1-4 EEL =      4862.1859  VDWAALS    =     10103.8307
 EELEC  =    -94908.8875  EHBOND  =         0.0000  RESTRAINT  =         0.0000
 EKCMT  =         0.0000  VIRIAL  =         0.0000  VOLUME     =    250067.4743
                                                    Density    =         1.0110
 ------------------------------------------------------------------------------


 NSTEP =  2510000   TIME(PS) =    5120.000  TEMP(K) =   297.33  PRESS =     0.0
 Etot   =    -61603.3448  EKtot   =     15015.9736  EPtot      =    -76619.3184
 BOND   =       341.0269  ANGLE   =      1207.1722  DIHED      =      1393.0498
 1-4 NB =       405.5786  1-4 EEL =      4860.2021  VDWAALS    =      9971.5826
 EELEC  =    -94797.9306  EHBOND  =         0.0000  RESTRAINT  =         0.0000
 EKCMT  =         0.0000  VIRIAL  =         0.0000  VOLUME     =    249446.7938
                                                    Density    =         1.0135
 ------------------------------------------------------------------------------


 NSTEP =  2520000   TIME(PS) =    5140.000  TEMP(K) =   298.14  PRESS =     0.0
 Etot   =    -61428.2567  EKtot   =     15057.1104  EPtot      =    -76485.3671
 BOND   =       347.0671  ANGLE   =      1222.8738  DIHED      =      1410.4905
 1-4 NB =       400.0140  1-4 EEL =      4884.4268  VDWAALS    =      9898.6338
 EELEC  =    -94648.8730  EHBOND  =         0.0000  RESTRAINT  =         0.0000
 EKCMT  =         0.0000  VIRIAL  =         0.0000  VOLUME     =    251889.5387
                                                    Density    =         1.0037
 ------------------------------------------------------------------------------


 NSTEP =  2530000   TIME(PS) =    5160.000  TEMP(K) =   301.34  PRESS =     0.0
 Etot   =    -61145.9392  EKtot   =     15218.7041  EPtot      =    -76364.6433
 BOND   =       352.4808  ANGLE   =      1207.6483  DIHED      =      1399.4736
 1-4 NB =       432.3650  1-4 EEL =      4863.0007  VDWAALS    =      9959.8427
 EELEC  =    -94579.4545  EHBOND  =         0.0000  RESTRAINT  =         0.0000
 EKCMT  =         0.0000  VIRIAL  =         0.0000  VOLUME     =    250516.8367
                                                    Density    =         1.0092
 ------------------------------------------------------------------------------


 NSTEP =  2540000   TIME(PS) =    5180.000  TEMP(K) =   296.58  PRESS =     0.0
 Etot   =    -61419.3788  EKtot   =     14978.4375  EPtot      =    -76397.8163
 BOND   =       317.5853  ANGLE   =      1225.2764  DIHED      =      1409.0914
 1-4 NB =       438.1645  1-4 EEL =      4915.9018  VDWAALS    =      9940.2975
 EELEC  =    -94644.1332  EHBOND  =         0.0000  RESTRAINT  =         0.0000
 EKCMT  =         0.0000  VIRIAL  =         0.0000  VOLUME     =    250373.1257
                                                    Density    =         1.0097
 ------------------------------------------------------------------------------


 NSTEP =  2550000   TIME(PS) =    5200.000  TEMP(K) =   297.44  PRESS =     0.0
 Etot   =    -61609.0613  EKtot   =     15021.7705  EPtot      =    -76630.8318
 BOND   =       339.5991  ANGLE   =      1186.5208  DIHED      =      1406.0944
 1-4 NB =       426.9999  1-4 EEL =      4927.6788  VDWAALS    =     10009.6517
 EELEC  =    -94927.3767  EHBOND  =         0.0000  RESTRAINT  =         0.0000
 EKCMT  =         0.0000  VIRIAL  =         0.0000  VOLUME     =    250618.2060
                                                    Density    =         1.0088
 ------------------------------------------------------------------------------


 NSTEP =  2560000   TIME(PS) =    5220.000  TEMP(K) =   299.81  PRESS =     0.0
 Etot   =    -61504.2288  EKtot   =     15141.3936  EPtot      =    -76645.6223
 BOND   =       350.5302  ANGLE   =      1239.2201  DIHED      =      1394.2571
 1-4 NB =       421.4690  1-4 EEL =      4833.8960  VDWAALS    =      9940.3079
 EELEC  =    -94825.3026  EHBOND  =         0.0000  RESTRAINT  =         0.0000
 EKCMT  =         0.0000  VIRIAL  =         0.0000  VOLUME     =    251190.7432
                                                    Density    =         1.0065
 ------------------------------------------------------------------------------


 NSTEP =  2570000   TIME(PS) =    5240.000  TEMP(K) =   296.47  PRESS =     0.0
 Etot   =    -61318.3726  EKtot   =     14972.7891  EPtot      =    -76291.1617
 BOND   =       351.4689  ANGLE   =      1234.4976  DIHED      =      1388.3476
 1-4 NB =       404.8956  1-4 EEL =      4893.1385  VDWAALS    =      9777.0743
 EELEC  =    -94340.5841  EHBOND  =         0.0000  RESTRAINT  =         0.0000
 EKCMT  =         0.0000  VIRIAL  =         0.0000  VOLUME     =    252002.3853
                                                    Density    =         1.0032
 ------------------------------------------------------------------------------


 NSTEP =  2580000   TIME(PS) =    5260.000  TEMP(K) =   300.86  PRESS =     0.0
 Etot   =    -61159.3939  EKtot   =     15194.5146  EPtot      =    -76353.9086
 BOND   =       393.0894  ANGLE   =      1175.8999  DIHED      =      1391.6168
 1-4 NB =       412.2276  1-4 EEL =      4875.8071  VDWAALS    =     10064.9362
 EELEC  =    -94667.4856  EHBOND  =         0.0000  RESTRAINT  =         0.0000
 EKCMT  =         0.0000  VIRIAL  =         0.0000  VOLUME     =    251263.9497
                                                    Density    =         1.0062
 ------------------------------------------------------------------------------


 NSTEP =  2590000   TIME(PS) =    5280.000  TEMP(K) =   302.35  PRESS =     0.0
 Etot   =    -61377.6213  EKtot   =     15269.6875  EPtot      =    -76647.3088
 BOND   =       365.6036  ANGLE   =      1217.3231  DIHED      =      1388.9097
 1-4 NB =       422.8358  1-4 EEL =      4860.4684  VDWAALS    =      9764.5008
 EELEC  =    -94666.9501  EHBOND  =         0.0000  RESTRAINT  =         0.0000
 EKCMT  =         0.0000  VIRIAL  =         0.0000  VOLUME     =    250152.8347
                                                    Density    =         1.0106
 ------------------------------------------------------------------------------


 NSTEP =  2600000   TIME(PS) =    5300.000  TEMP(K) =   298.29  PRESS =     0.0
 Etot   =    -61558.5864  EKtot   =     15064.5215  EPtot      =    -76623.1079
 BOND   =       360.1343  ANGLE   =      1184.5301  DIHED      =      1405.8660
 1-4 NB =       427.6752  1-4 EEL =      4891.7019  VDWAALS    =      9892.3457
 EELEC  =    -94785.3611  EHBOND  =         0.0000  RESTRAINT  =         0.0000
 EKCMT  =         0.0000  VIRIAL  =         0.0000  VOLUME     =    251335.2080
                                                    Density    =         1.0059
 ------------------------------------------------------------------------------


 NSTEP =  2610000   TIME(PS) =    5320.000  TEMP(K) =   297.49  PRESS =     0.0
 Etot   =    -61702.6447  EKtot   =     15024.3135  EPtot      =    -76726.9582
 BOND   =       364.3545  ANGLE   =      1213.3649  DIHED      =      1398.3869
 1-4 NB =       426.4458  1-4 EEL =      4854.5959  VDWAALS    =      9975.0422
 EELEC  =    -94959.1486  EHBOND  =         0.0000  RESTRAINT  =         0.0000
 EKCMT  =         0.0000  VIRIAL  =         0.0000  VOLUME     =    250809.7308
                                                    Density    =         1.0080
 ------------------------------------------------------------------------------


 NSTEP =  2620000   TIME(PS) =    5340.000  TEMP(K) =   302.22  PRESS =     0.0
 Etot   =    -61378.3209  EKtot   =     15262.9961  EPtot      =    -76641.3170
 BOND   =       326.9798  ANGLE   =      1225.1373  DIHED      =      1382.5440
 1-4 NB =       407.3173  1-4 EEL =      4870.5211  VDWAALS    =      9919.0643
 EELEC  =    -94772.8809  EHBOND  =         0.0000  RESTRAINT  =         0.0000
 EKCMT  =         0.0000  VIRIAL  =         0.0000  VOLUME     =    249627.4643
                                                    Density    =         1.0128
 ------------------------------------------------------------------------------


 NSTEP =  2630000   TIME(PS) =    5360.000  TEMP(K) =   296.78  PRESS =     0.0
 Etot   =    -61345.2527  EKtot   =     14988.2295  EPtot      =    -76333.4822
 BOND   =       359.2367  ANGLE   =      1232.9591  DIHED      =      1387.5894
 1-4 NB =       433.4427  1-4 EEL =      4864.7125  VDWAALS    =     10206.5366
 EELEC  =    -94817.9592  EHBOND  =         0.0000  RESTRAINT  =         0.0000
 EKCMT  =         0.0000  VIRIAL  =         0.0000  VOLUME     =    249152.2007
                                                    Density    =         1.0147
 ------------------------------------------------------------------------------


 NSTEP =  2640000   TIME(PS) =    5380.000  TEMP(K) =   301.63  PRESS =     0.0
 Etot   =    -61615.7836  EKtot   =     15233.2129  EPtot      =    -76848.9965
 BOND   =       369.9022  ANGLE   =      1209.1248  DIHED      =      1377.9805
 1-4 NB =       417.5905  1-4 EEL =      4925.3322  VDWAALS    =     10225.5370
 EELEC  =    -95374.4637  EHBOND  =         0.0000  RESTRAINT  =         0.0000
 EKCMT  =         0.0000  VIRIAL  =         0.0000  VOLUME     =    250426.6679
                                                    Density    =         1.0095
 ------------------------------------------------------------------------------


 NSTEP =  2650000   TIME(PS) =    5400.000  TEMP(K) =   300.46  PRESS =     0.0
 Etot   =    -61453.2118  EKtot   =     15174.2227  EPtot      =    -76627.4345
 BOND   =       365.5298  ANGLE   =      1177.6137  DIHED      =      1400.5699
 1-4 NB =       406.8188  1-4 EEL =      4903.7958  VDWAALS    =     10049.3930
 EELEC  =    -94931.1555  EHBOND  =         0.0000  RESTRAINT  =         0.0000
 EKCMT  =         0.0000  VIRIAL  =         0.0000  VOLUME     =    250379.0241
                                                    Density    =         1.0097
 ------------------------------------------------------------------------------


 NSTEP =  2660000   TIME(PS) =    5420.000  TEMP(K) =   298.87  PRESS =     0.0
 Etot   =    -61204.4769  EKtot   =     15093.9268  EPtot      =    -76298.4037
 BOND   =       331.6638  ANGLE   =      1221.9693  DIHED      =      1416.3572
 1-4 NB =       441.6267  1-4 EEL =      4977.5811  VDWAALS    =      9437.4809
 EELEC  =    -94125.0827  EHBOND  =         0.0000  RESTRAINT  =         0.0000
 EKCMT  =         0.0000  VIRIAL  =         0.0000  VOLUME     =    251486.3448
                                                    Density    =         1.0053
 ------------------------------------------------------------------------------


 NSTEP =  2670000   TIME(PS) =    5440.000  TEMP(K) =   299.90  PRESS =     0.0
 Etot   =    -61303.7244  EKtot   =     15146.1396  EPtot      =    -76449.8640
 BOND   =       335.7160  ANGLE   =      1222.7965  DIHED      =      1391.3358
 1-4 NB =       417.6566  1-4 EEL =      4888.9404  VDWAALS    =      9941.5676
 EELEC  =    -94647.8769  EHBOND  =         0.0000  RESTRAINT  =         0.0000
 EKCMT  =         0.0000  VIRIAL  =         0.0000  VOLUME     =    251387.8915
                                                    Density    =         1.0057
 ------------------------------------------------------------------------------


 NSTEP =  2680000   TIME(PS) =    5460.000  TEMP(K) =   298.53  PRESS =     0.0
 Etot   =    -61114.7729  EKtot   =     15076.8770  EPtot      =    -76191.6499
 BOND   =       351.1486  ANGLE   =      1213.7731  DIHED      =      1403.7321
 1-4 NB =       427.2709  1-4 EEL =      4903.7369  VDWAALS    =      9775.9042
 EELEC  =    -94267.2157  EHBOND  =         0.0000  RESTRAINT  =         0.0000
 EKCMT  =         0.0000  VIRIAL  =         0.0000  VOLUME     =    250810.5507
                                                    Density    =         1.0080
 ------------------------------------------------------------------------------


 NSTEP =  2690000   TIME(PS) =    5480.000  TEMP(K) =   301.36  PRESS =     0.0
 Etot   =    -61065.8975  EKtot   =     15219.7412  EPtot      =    -76285.6387
 BOND   =       338.6517  ANGLE   =      1204.9469  DIHED      =      1397.2163
 1-4 NB =       423.5522  1-4 EEL =      4949.1817  VDWAALS    =      9638.4674
 EELEC  =    -94237.6549  EHBOND  =         0.0000  RESTRAINT  =         0.0000
 EKCMT  =         0.0000  VIRIAL  =         0.0000  VOLUME     =    250543.4447
                                                    Density    =         1.0091
 ------------------------------------------------------------------------------


 NSTEP =  2700000   TIME(PS) =    5500.000  TEMP(K) =   299.19  PRESS =     0.0
 Etot   =    -61294.3159  EKtot   =     15110.0996  EPtot      =    -76404.4155
 BOND   =       336.6473  ANGLE   =      1226.0545  DIHED      =      1402.8625
 1-4 NB =       424.1860  1-4 EEL =      4900.1743  VDWAALS    =      9837.4507
 EELEC  =    -94531.7908  EHBOND  =         0.0000  RESTRAINT  =         0.0000
 EKCMT  =         0.0000  VIRIAL  =         0.0000  VOLUME     =    250868.6795
                                                    Density    =         1.0078
 ------------------------------------------------------------------------------


 NSTEP =  2710000   TIME(PS) =    5520.000  TEMP(K) =   298.50  PRESS =     0.0
 Etot   =    -61427.7730  EKtot   =     15075.1973  EPtot      =    -76502.9703
 BOND   =       343.7940  ANGLE   =      1247.1622  DIHED      =      1409.6382
 1-4 NB =       428.2067  1-4 EEL =      4921.4673  VDWAALS    =     10013.8258
 EELEC  =    -94867.0644  EHBOND  =         0.0000  RESTRAINT  =         0.0000
 EKCMT  =         0.0000  VIRIAL  =         0.0000  VOLUME     =    251201.2127
                                                    Density    =         1.0064
 ------------------------------------------------------------------------------


 NSTEP =  2720000   TIME(PS) =    5540.000  TEMP(K) =   299.77  PRESS =     0.0
 Etot   =    -61341.8518  EKtot   =     15139.3506  EPtot      =    -76481.2024
 BOND   =       332.7273  ANGLE   =      1202.3823  DIHED      =      1379.8554
 1-4 NB =       429.3234  1-4 EEL =      4906.1610  VDWAALS    =     10029.0922
 EELEC  =    -94760.7441  EHBOND  =         0.0000  RESTRAINT  =         0.0000
 EKCMT  =         0.0000  VIRIAL  =         0.0000  VOLUME     =    250804.3151
                                                    Density    =         1.0080
 ------------------------------------------------------------------------------


 NSTEP =  2730000   TIME(PS) =    5560.000  TEMP(K) =   299.30  PRESS =     0.0
 Etot   =    -61428.1685  EKtot   =     15115.4570  EPtot      =    -76543.6255
 BOND   =       360.0917  ANGLE   =      1194.3747  DIHED      =      1420.7997
 1-4 NB =       426.8700  1-4 EEL =      4969.8146  VDWAALS    =      9979.9024
 EELEC  =    -94895.4785  EHBOND  =         0.0000  RESTRAINT  =         0.0000
 EKCMT  =         0.0000  VIRIAL  =         0.0000  VOLUME     =    250080.3901
                                                    Density    =         1.0109
 ------------------------------------------------------------------------------


 NSTEP =  2740000   TIME(PS) =    5580.000  TEMP(K) =   302.47  PRESS =     0.0
 Etot   =    -60995.4987  EKtot   =     15276.0020  EPtot      =    -76271.5007
 BOND   =       329.9744  ANGLE   =      1173.0416  DIHED      =      1416.8498
 1-4 NB =       432.1061  1-4 EEL =      4921.8102  VDWAALS    =      9699.9422
 EELEC  =    -94245.2249  EHBOND  =         0.0000  RESTRAINT  =         0.0000
 EKCMT  =         0.0000  VIRIAL  =         0.0000  VOLUME     =    250879.4332
                                                    Density    =         1.0077
 ------------------------------------------------------------------------------


 NSTEP =  2750000   TIME(PS) =    5600.000  TEMP(K) =   298.71  PRESS =     0.0
 Etot   =    -61258.5008  EKtot   =     15085.8896  EPtot      =    -76344.3905
 BOND   =       361.6948  ANGLE   =      1187.4850  DIHED      =      1422.7544
 1-4 NB =       426.7520  1-4 EEL =      4946.3527  VDWAALS    =      9803.8716
 EELEC  =    -94493.3010  EHBOND  =         0.0000  RESTRAINT  =         0.0000
 EKCMT  =         0.0000  VIRIAL  =         0.0000  VOLUME     =    250402.8733
                                                    Density    =         1.0096
 ------------------------------------------------------------------------------


 NSTEP =  2760000   TIME(PS) =    5620.000  TEMP(K) =   301.16  PRESS =     0.0
 Etot   =    -61380.1142  EKtot   =     15209.6377  EPtot      =    -76589.7519
 BOND   =       320.9530  ANGLE   =      1204.1492  DIHED      =      1393.8964
 1-4 NB =       433.0425  1-4 EEL =      4910.9158  VDWAALS    =      9936.7175
 EELEC  =    -94789.4263  EHBOND  =         0.0000  RESTRAINT  =         0.0000
 EKCMT  =         0.0000  VIRIAL  =         0.0000  VOLUME     =    249556.6631
                                                    Density    =         1.0131
 ------------------------------------------------------------------------------


 NSTEP =  2770000   TIME(PS) =    5640.000  TEMP(K) =   300.51  PRESS =     0.0
 Etot   =    -61023.8568  EKtot   =     15176.8584  EPtot      =    -76200.7152
 BOND   =       347.0259  ANGLE   =      1233.4277  DIHED      =      1390.4336
 1-4 NB =       429.0435  1-4 EEL =      4911.5516  VDWAALS    =      9880.6186
 EELEC  =    -94392.8161  EHBOND  =         0.0000  RESTRAINT  =         0.0000
 EKCMT  =         0.0000  VIRIAL  =         0.0000  VOLUME     =    250766.3736
                                                    Density    =         1.0082
 ------------------------------------------------------------------------------


 NSTEP =  2780000   TIME(PS) =    5660.000  TEMP(K) =   303.28  PRESS =     0.0
 Etot   =    -61159.7211  EKtot   =     15316.4951  EPtot      =    -76476.2162
 BOND   =       343.5940  ANGLE   =      1220.9025  DIHED      =      1404.5462
 1-4 NB =       430.5346  1-4 EEL =      4962.4678  VDWAALS    =      9975.1689
 EELEC  =    -94813.4303  EHBOND  =         0.0000  RESTRAINT  =         0.0000
 EKCMT  =         0.0000  VIRIAL  =         0.0000  VOLUME     =    250984.6663
                                                    Density    =         1.0073
 ------------------------------------------------------------------------------


 NSTEP =  2790000   TIME(PS) =    5680.000  TEMP(K) =   300.38  PRESS =     0.0
 Etot   =    -61125.4377  EKtot   =     15170.3682  EPtot      =    -76295.8059
 BOND   =       379.4106  ANGLE   =      1229.6529  DIHED      =      1388.6715
 1-4 NB =       409.3422  1-4 EEL =      4950.5805  VDWAALS    =      9769.7344
 EELEC  =    -94423.1980  EHBOND  =         0.0000  RESTRAINT  =         0.0000
 EKCMT  =         0.0000  VIRIAL  =         0.0000  VOLUME     =    251683.0597
                                                    Density    =         1.0045
 ------------------------------------------------------------------------------


 NSTEP =  2800000   TIME(PS) =    5700.000  TEMP(K) =   298.74  PRESS =     0.0
 Etot   =    -61287.3133  EKtot   =     15087.4541  EPtot      =    -76374.7674
 BOND   =       355.3728  ANGLE   =      1226.6444  DIHED      =      1409.3316
 1-4 NB =       419.9717  1-4 EEL =      4882.3851  VDWAALS    =      9883.1862
 EELEC  =    -94551.6591  EHBOND  =         0.0000  RESTRAINT  =         0.0000
 EKCMT  =         0.0000  VIRIAL  =         0.0000  VOLUME     =    250563.2943
                                                    Density    =         1.0090
 ------------------------------------------------------------------------------


 NSTEP =  2810000   TIME(PS) =    5720.000  TEMP(K) =   299.26  PRESS =     0.0
 Etot   =    -61538.0646  EKtot   =     15113.8145  EPtot      =    -76651.8791
 BOND   =       349.5965  ANGLE   =      1214.5686  DIHED      =      1403.2326
 1-4 NB =       419.0756  1-4 EEL =      4884.2229  VDWAALS    =      9829.0686
 EELEC  =    -94751.6439  EHBOND  =         0.0000  RESTRAINT  =         0.0000
 EKCMT  =         0.0000  VIRIAL  =         0.0000  VOLUME     =    251392.4496
                                                    Density    =         1.0057
 ------------------------------------------------------------------------------


 NSTEP =  2820000   TIME(PS) =    5740.000  TEMP(K) =   299.63  PRESS =     0.0
 Etot   =    -61214.0866  EKtot   =     15132.3682  EPtot      =    -76346.4548
 BOND   =       338.2988  ANGLE   =      1232.4141  DIHED      =      1402.3619
 1-4 NB =       425.6586  1-4 EEL =      4951.7635  VDWAALS    =      9681.1362
 EELEC  =    -94378.0879  EHBOND  =         0.0000  RESTRAINT  =         0.0000
 EKCMT  =         0.0000  VIRIAL  =         0.0000  VOLUME     =    250373.6895
                                                    Density    =         1.0097
 ------------------------------------------------------------------------------


 NSTEP =  2830000   TIME(PS) =    5760.000  TEMP(K) =   300.70  PRESS =     0.0
 Etot   =    -61116.7659  EKtot   =     15186.4141  EPtot      =    -76303.1800
 BOND   =       370.2230  ANGLE   =      1249.8605  DIHED      =      1397.5222
 1-4 NB =       418.6074  1-4 EEL =      4898.7505  VDWAALS    =      9972.9949
 EELEC  =    -94611.1385  EHBOND  =         0.0000  RESTRAINT  =         0.0000
 EKCMT  =         0.0000  VIRIAL  =         0.0000  VOLUME     =    250979.2127
                                                    Density    =         1.0073
 ------------------------------------------------------------------------------


 NSTEP =  2840000   TIME(PS) =    5780.000  TEMP(K) =   303.30  PRESS =     0.0
 Etot   =    -61094.9986  EKtot   =     15317.9375  EPtot      =    -76412.9361
 BOND   =       342.4327  ANGLE   =      1207.1281  DIHED      =      1412.5029
 1-4 NB =       435.4787  1-4 EEL =      4903.7581  VDWAALS    =     10036.7551
 EELEC  =    -94750.9916  EHBOND  =         0.0000  RESTRAINT  =         0.0000
 EKCMT  =         0.0000  VIRIAL  =         0.0000  VOLUME     =    250398.1889
                                                    Density    =         1.0096
 ------------------------------------------------------------------------------


 NSTEP =  2850000   TIME(PS) =    5800.000  TEMP(K) =   300.98  PRESS =     0.0
 Etot   =    -61340.1074  EKtot   =     15200.6875  EPtot      =    -76540.7949
 BOND   =       388.3555  ANGLE   =      1248.0869  DIHED      =      1398.7169
 1-4 NB =       420.0849  1-4 EEL =      4910.8377  VDWAALS    =     10112.0651
 EELEC  =    -95018.9419  EHBOND  =         0.0000  RESTRAINT  =         0.0000
 EKCMT  =         0.0000  VIRIAL  =         0.0000  VOLUME     =    250542.5625
                                                    Density    =         1.0091
 ------------------------------------------------------------------------------


 NSTEP =  2860000   TIME(PS) =    5820.000  TEMP(K) =   296.39  PRESS =     0.0
 Etot   =    -61373.7855  EKtot   =     14968.5869  EPtot      =    -76342.3724
 BOND   =       344.4753  ANGLE   =      1244.3937  DIHED      =      1389.9345
 1-4 NB =       416.2608  1-4 EEL =      4872.9732  VDWAALS    =      9857.3362
 EELEC  =    -94467.7461  EHBOND  =         0.0000  RESTRAINT  =         0.0000
 EKCMT  =         0.0000  VIRIAL  =         0.0000  VOLUME     =    251901.9281
                                                    Density    =         1.0036
 ------------------------------------------------------------------------------


 NSTEP =  2870000   TIME(PS) =    5840.000  TEMP(K) =   301.99  PRESS =     0.0
 Etot   =    -61022.7468  EKtot   =     15251.4111  EPtot      =    -76274.1580
 BOND   =       355.6737  ANGLE   =      1248.8181  DIHED      =      1396.6819
 1-4 NB =       430.3084  1-4 EEL =      4887.9806  VDWAALS    =     10064.1099
 EELEC  =    -94657.7306  EHBOND  =         0.0000  RESTRAINT  =         0.0000
 EKCMT  =         0.0000  VIRIAL  =         0.0000  VOLUME     =    250910.2176
                                                    Density    =         1.0076
 ------------------------------------------------------------------------------


 NSTEP =  2880000   TIME(PS) =    5860.000  TEMP(K) =   300.32  PRESS =     0.0
 Etot   =    -61434.9715  EKtot   =     15167.1016  EPtot      =    -76602.0730
 BOND   =       375.0167  ANGLE   =      1169.3601  DIHED      =      1428.6793
 1-4 NB =       416.7693  1-4 EEL =      4953.4631  VDWAALS    =      9685.7171
 EELEC  =    -94631.0786  EHBOND  =         0.0000  RESTRAINT  =         0.0000
 EKCMT  =         0.0000  VIRIAL  =         0.0000  VOLUME     =    249254.0547
                                                    Density    =         1.0143
 ------------------------------------------------------------------------------


 NSTEP =  2890000   TIME(PS) =    5880.000  TEMP(K) =   301.00  PRESS =     0.0
 Etot   =    -61540.3836  EKtot   =     15201.3584  EPtot      =    -76741.7420
 BOND   =       360.2219  ANGLE   =      1191.6077  DIHED      =      1408.5664
 1-4 NB =       430.5135  1-4 EEL =      4929.7382  VDWAALS    =     10006.6151
 EELEC  =    -95069.0049  EHBOND  =         0.0000  RESTRAINT  =         0.0000
 EKCMT  =         0.0000  VIRIAL  =         0.0000  VOLUME     =    249280.1068
                                                    Density    =         1.0142
 ------------------------------------------------------------------------------


 NSTEP =  2900000   TIME(PS) =    5900.000  TEMP(K) =   300.76  PRESS =     0.0
 Etot   =    -61180.2839  EKtot   =     15189.2012  EPtot      =    -76369.4851
 BOND   =       372.3930  ANGLE   =      1209.8742  DIHED      =      1398.7694
 1-4 NB =       417.2953  1-4 EEL =      4917.6907  VDWAALS    =     10219.1679
 EELEC  =    -94904.6756  EHBOND  =         0.0000  RESTRAINT  =         0.0000
 EKCMT  =         0.0000  VIRIAL  =         0.0000  VOLUME     =    249612.1487
                                                    Density    =         1.0128
 ------------------------------------------------------------------------------


 NSTEP =  2910000   TIME(PS) =    5920.000  TEMP(K) =   302.29  PRESS =     0.0
 Etot   =    -61332.8125  EKtot   =     15266.7148  EPtot      =    -76599.5273
 BOND   =       352.6010  ANGLE   =      1187.5994  DIHED      =      1396.7295
 1-4 NB =       421.9455  1-4 EEL =      4907.6042  VDWAALS    =     10076.8185
 EELEC  =    -94942.8255  EHBOND  =         0.0000  RESTRAINT  =         0.0000
 EKCMT  =         0.0000  VIRIAL  =         0.0000  VOLUME     =    250054.2473
                                                    Density    =         1.0110
 ------------------------------------------------------------------------------


 NSTEP =  2920000   TIME(PS) =    5940.000  TEMP(K) =   300.69  PRESS =     0.0
 Etot   =    -61205.0158  EKtot   =     15185.9551  EPtot      =    -76390.9709
 BOND   =       335.2418  ANGLE   =      1204.1582  DIHED      =      1394.5349
 1-4 NB =       433.6481  1-4 EEL =      4958.7005  VDWAALS    =      9727.6543
 EELEC  =    -94444.9088  EHBOND  =         0.0000  RESTRAINT  =         0.0000
 EKCMT  =         0.0000  VIRIAL  =         0.0000  VOLUME     =    250383.9951
                                                    Density    =         1.0097
 ------------------------------------------------------------------------------


 NSTEP =  2930000   TIME(PS) =    5960.000  TEMP(K) =   297.74  PRESS =     0.0
 Etot   =    -61745.1111  EKtot   =     15036.9209  EPtot      =    -76782.0320
 BOND   =       343.7037  ANGLE   =      1214.4499  DIHED      =      1398.2800
 1-4 NB =       427.0941  1-4 EEL =      4941.5308  VDWAALS    =      9754.2518
 EELEC  =    -94861.3424  EHBOND  =         0.0000  RESTRAINT  =         0.0000
 EKCMT  =         0.0000  VIRIAL  =         0.0000  VOLUME     =    249936.0625
                                                    Density    =         1.0115
 ------------------------------------------------------------------------------


 NSTEP =  2940000   TIME(PS) =    5980.000  TEMP(K) =   297.36  PRESS =     0.0
 Etot   =    -61464.7961  EKtot   =     15017.8682  EPtot      =    -76482.6643
 BOND   =       350.5770  ANGLE   =      1226.9788  DIHED      =      1374.1635
 1-4 NB =       431.8512  1-4 EEL =      4870.0798  VDWAALS    =      9968.6877
 EELEC  =    -94705.0024  EHBOND  =         0.0000  RESTRAINT  =         0.0000
 EKCMT  =         0.0000  VIRIAL  =         0.0000  VOLUME     =    250342.7170
                                                    Density    =         1.0099
 ------------------------------------------------------------------------------


 NSTEP =  2950000   TIME(PS) =    6000.000  TEMP(K) =   296.05  PRESS =     0.0
 Etot   =    -61221.8685  EKtot   =     14951.3926  EPtot      =    -76173.2611
 BOND   =       348.3482  ANGLE   =      1207.6093  DIHED      =      1405.4585
 1-4 NB =       411.9496  1-4 EEL =      4916.2364  VDWAALS    =      9910.6129
 EELEC  =    -94373.4760  EHBOND  =         0.0000  RESTRAINT  =         0.0000
 EKCMT  =         0.0000  VIRIAL  =         0.0000  VOLUME     =    251689.6520
                                                    Density    =         1.0045
 ------------------------------------------------------------------------------


 NSTEP =  2960000   TIME(PS) =    6020.000  TEMP(K) =   298.12  PRESS =     0.0
 Etot   =    -61391.5099  EKtot   =     15055.9648  EPtot      =    -76447.4747
 BOND   =       346.4773  ANGLE   =      1185.6605  DIHED      =      1408.7951
 1-4 NB =       426.9242  1-4 EEL =      4949.3149  VDWAALS    =      9742.7256
 EELEC  =    -94507.3723  EHBOND  =         0.0000  RESTRAINT  =         0.0000
 EKCMT  =         0.0000  VIRIAL  =         0.0000  VOLUME     =    251497.9188
                                                    Density    =         1.0052
 ------------------------------------------------------------------------------


 NSTEP =  2970000   TIME(PS) =    6040.000  TEMP(K) =   302.64  PRESS =     0.0
 Etot   =    -61409.6901  EKtot   =     15284.6055  EPtot      =    -76694.2956
 BOND   =       330.3393  ANGLE   =      1202.2952  DIHED      =      1391.6879
 1-4 NB =       431.0518  1-4 EEL =      4885.7526  VDWAALS    =      9751.7762
 EELEC  =    -94687.1986  EHBOND  =         0.0000  RESTRAINT  =         0.0000
 EKCMT  =         0.0000  VIRIAL  =         0.0000  VOLUME     =    249941.0939
                                                    Density    =         1.0115
 ------------------------------------------------------------------------------


 NSTEP =  2980000   TIME(PS) =    6060.000  TEMP(K) =   299.81  PRESS =     0.0
 Etot   =    -61220.7933  EKtot   =     15141.6035  EPtot      =    -76362.3968
 BOND   =       359.5512  ANGLE   =      1209.7668  DIHED      =      1396.4738
 1-4 NB =       433.5321  1-4 EEL =      4911.5331  VDWAALS    =      9926.3181
 EELEC  =    -94599.5719  EHBOND  =         0.0000  RESTRAINT  =         0.0000
 EKCMT  =         0.0000  VIRIAL  =         0.0000  VOLUME     =    251168.3056
                                                    Density    =         1.0066
 ------------------------------------------------------------------------------


 NSTEP =  2990000   TIME(PS) =    6080.000  TEMP(K) =   304.69  PRESS =     0.0
 Etot   =    -61398.0081  EKtot   =     15387.8994  EPtot      =    -76785.9076
 BOND   =       345.0684  ANGLE   =      1205.3909  DIHED      =      1388.2026
 1-4 NB =       437.9783  1-4 EEL =      4885.5348  VDWAALS    =      9978.5906
 EELEC  =    -95026.6732  EHBOND  =         0.0000  RESTRAINT  =         0.0000
 EKCMT  =         0.0000  VIRIAL  =         0.0000  VOLUME     =    248657.0694
                                                    Density    =         1.0167
 ------------------------------------------------------------------------------


 NSTEP =  3000000   TIME(PS) =    6100.000  TEMP(K) =   301.23  PRESS =     0.0
 Etot   =    -61215.5726  EKtot   =     15213.3262  EPtot      =    -76428.8988
 BOND   =       360.2962  ANGLE   =      1245.1247  DIHED      =      1407.3268
 1-4 NB =       431.6649  1-4 EEL =      4920.3144  VDWAALS    =      9797.6548
 EELEC  =    -94591.2806  EHBOND  =         0.0000  RESTRAINT  =         0.0000
 EKCMT  =         0.0000  VIRIAL  =         0.0000  VOLUME     =    250361.4858
                                                    Density    =         1.0098
 ------------------------------------------------------------------------------


 NSTEP =  3010000   TIME(PS) =    6120.000  TEMP(K) =   299.77  PRESS =     0.0
 Etot   =    -61358.6681  EKtot   =     15139.6523  EPtot      =    -76498.3204
 BOND   =       333.2841  ANGLE   =      1223.2963  DIHED      =      1397.7393
 1-4 NB =       424.3622  1-4 EEL =      4887.6300  VDWAALS    =     10106.9019
 EELEC  =    -94871.5343  EHBOND  =         0.0000  RESTRAINT  =         0.0000
 EKCMT  =         0.0000  VIRIAL  =         0.0000  VOLUME     =    250479.9899
                                                    Density    =         1.0093
 ------------------------------------------------------------------------------


 NSTEP =  3020000   TIME(PS) =    6140.000  TEMP(K) =   299.30  PRESS =     0.0
 Etot   =    -61347.3159  EKtot   =     15115.9102  EPtot      =    -76463.2261
 BOND   =       352.9609  ANGLE   =      1264.1502  DIHED      =      1399.5877
 1-4 NB =       419.0160  1-4 EEL =      4890.9268  VDWAALS    =     10020.6327
 EELEC  =    -94810.5002  EHBOND  =         0.0000  RESTRAINT  =         0.0000
 EKCMT  =         0.0000  VIRIAL  =         0.0000  VOLUME     =    250818.3108
                                                    Density    =         1.0080
 ------------------------------------------------------------------------------


 NSTEP =  3030000   TIME(PS) =    6160.000  TEMP(K) =   300.58  PRESS =     0.0
 Etot   =    -61020.0620  EKtot   =     15180.3887  EPtot      =    -76200.4507
 BOND   =       379.3900  ANGLE   =      1212.7438  DIHED      =      1395.6477
 1-4 NB =       424.0136  1-4 EEL =      4882.3673  VDWAALS    =      9904.2032
 EELEC  =    -94398.8163  EHBOND  =         0.0000  RESTRAINT  =         0.0000
 EKCMT  =         0.0000  VIRIAL  =         0.0000  VOLUME     =    251169.0223
                                                    Density    =         1.0066
 ------------------------------------------------------------------------------


 NSTEP =  3040000   TIME(PS) =    6180.000  TEMP(K) =   298.53  PRESS =     0.0
 Etot   =    -61230.6971  EKtot   =     15076.5879  EPtot      =    -76307.2849
 BOND   =       387.7582  ANGLE   =      1215.3072  DIHED      =      1389.9811
 1-4 NB =       414.9181  1-4 EEL =      4883.7800  VDWAALS    =     10071.7135
 EELEC  =    -94670.7432  EHBOND  =         0.0000  RESTRAINT  =         0.0000
 EKCMT  =         0.0000  VIRIAL  =         0.0000  VOLUME     =    250541.8745
                                                    Density    =         1.0091
 ------------------------------------------------------------------------------


 NSTEP =  3050000   TIME(PS) =    6200.000  TEMP(K) =   304.43  PRESS =     0.0
 Etot   =    -61117.7099  EKtot   =     15374.5459  EPtot      =    -76492.2558
 BOND   =       342.3774  ANGLE   =      1173.2540  DIHED      =      1413.3434
 1-4 NB =       440.7056  1-4 EEL =      4970.9868  VDWAALS    =      9875.8812
 EELEC  =    -94708.8042  EHBOND  =         0.0000  RESTRAINT  =         0.0000
 EKCMT  =         0.0000  VIRIAL  =         0.0000  VOLUME     =    251330.3891
                                                    Density    =         1.0059
 ------------------------------------------------------------------------------


 NSTEP =  3060000   TIME(PS) =    6220.000  TEMP(K) =   297.34  PRESS =     0.0
 Etot   =    -61394.7930  EKtot   =     15016.5146  EPtot      =    -76411.3076
 BOND   =       364.9730  ANGLE   =      1210.6862  DIHED      =      1381.2180
 1-4 NB =       419.4034  1-4 EEL =      4942.0289  VDWAALS    =      9698.2820
 EELEC  =    -94427.8992  EHBOND  =         0.0000  RESTRAINT  =         0.0000
 EKCMT  =         0.0000  VIRIAL  =         0.0000  VOLUME     =    249702.8843
                                                    Density    =         1.0125
 ------------------------------------------------------------------------------


 NSTEP =  3070000   TIME(PS) =    6240.000  TEMP(K) =   302.23  PRESS =     0.0
 Etot   =    -61305.1335  EKtot   =     15263.7305  EPtot      =    -76568.8640
 BOND   =       352.5111  ANGLE   =      1197.3843  DIHED      =      1398.3117
 1-4 NB =       433.0401  1-4 EEL =      4930.5041  VDWAALS    =      9885.4017
 EELEC  =    -94766.0169  EHBOND  =         0.0000  RESTRAINT  =         0.0000
 EKCMT  =         0.0000  VIRIAL  =         0.0000  VOLUME     =    248925.1464
                                                    Density    =         1.0156
 ------------------------------------------------------------------------------


 NSTEP =  3080000   TIME(PS) =    6260.000  TEMP(K) =   297.49  PRESS =     0.0
 Etot   =    -61520.9063  EKtot   =     15024.3281  EPtot      =    -76545.2344
 BOND   =       339.4709  ANGLE   =      1173.2145  DIHED      =      1416.7144
 1-4 NB =       410.7607  1-4 EEL =      4933.4102  VDWAALS    =     10184.8379
 EELEC  =    -95003.6430  EHBOND  =         0.0000  RESTRAINT  =         0.0000
 EKCMT  =         0.0000  VIRIAL  =         0.0000  VOLUME     =    249175.8227
                                                    Density    =         1.0146
 ------------------------------------------------------------------------------


 NSTEP =  3090000   TIME(PS) =    6280.000  TEMP(K) =   300.28  PRESS =     0.0
 Etot   =    -61150.7014  EKtot   =     15165.3613  EPtot      =    -76316.0627
 BOND   =       354.2526  ANGLE   =      1242.9977  DIHED      =      1404.5406
 1-4 NB =       425.3583  1-4 EEL =      4855.1044  VDWAALS    =      9930.6158
 EELEC  =    -94528.9321  EHBOND  =         0.0000  RESTRAINT  =         0.0000
 EKCMT  =         0.0000  VIRIAL  =         0.0000  VOLUME     =    249601.2006
                                                    Density    =         1.0129
 ------------------------------------------------------------------------------


 NSTEP =  3100000   TIME(PS) =    6300.000  TEMP(K) =   299.71  PRESS =     0.0
 Etot   =    -61480.4502  EKtot   =     15136.1582  EPtot      =    -76616.6084
 BOND   =       354.8488  ANGLE   =      1219.0064  DIHED      =      1392.2951
 1-4 NB =       413.8339  1-4 EEL =      4861.7908  VDWAALS    =     10259.6116
 EELEC  =    -95117.9950  EHBOND  =         0.0000  RESTRAINT  =         0.0000
 EKCMT  =         0.0000  VIRIAL  =         0.0000  VOLUME     =    249943.3263
                                                    Density    =         1.0115
 ------------------------------------------------------------------------------


 NSTEP =  3110000   TIME(PS) =    6320.000  TEMP(K) =   299.86  PRESS =     0.0
 Etot   =    -61133.9864  EKtot   =     15143.8008  EPtot      =    -76277.7872
 BOND   =       367.3042  ANGLE   =      1207.4603  DIHED      =      1363.9594
 1-4 NB =       427.3669  1-4 EEL =      4897.8341  VDWAALS    =      9764.1951
 EELEC  =    -94305.9071  EHBOND  =         0.0000  RESTRAINT  =         0.0000
 EKCMT  =         0.0000  VIRIAL  =         0.0000  VOLUME     =    251327.2854
                                                    Density    =         1.0059
 ------------------------------------------------------------------------------


 NSTEP =  3120000   TIME(PS) =    6340.000  TEMP(K) =   303.76  PRESS =     0.0
 Etot   =    -61217.7131  EKtot   =     15340.7822  EPtot      =    -76558.4953
 BOND   =       368.4890  ANGLE   =      1212.7071  DIHED      =      1379.8582
 1-4 NB =       419.9417  1-4 EEL =      4896.7799  VDWAALS    =      9863.3292
 EELEC  =    -94699.6005  EHBOND  =         0.0000  RESTRAINT  =         0.0000
 EKCMT  =         0.0000  VIRIAL  =         0.0000  VOLUME     =    251647.5364
                                                    Density    =         1.0046
 ------------------------------------------------------------------------------


 NSTEP =  3130000   TIME(PS) =    6360.000  TEMP(K) =   299.90  PRESS =     0.0
 Etot   =    -61216.8779  EKtot   =     15146.1426  EPtot      =    -76363.0205
 BOND   =       335.5332  ANGLE   =      1239.0135  DIHED      =      1414.7094
 1-4 NB =       414.8991  1-4 EEL =      4921.1663  VDWAALS    =      9950.1196
 EELEC  =    -94638.4617  EHBOND  =         0.0000  RESTRAINT  =         0.0000
 EKCMT  =         0.0000  VIRIAL  =         0.0000  VOLUME     =    251333.0177
                                                    Density    =         1.0059
 ------------------------------------------------------------------------------


 NSTEP =  3140000   TIME(PS) =    6380.000  TEMP(K) =   301.57  PRESS =     0.0
 Etot   =    -61075.5849  EKtot   =     15230.4014  EPtot      =    -76305.9862
 BOND   =       366.0450  ANGLE   =      1201.9360  DIHED      =      1397.6133
 1-4 NB =       418.0687  1-4 EEL =      4843.0796  VDWAALS    =      9937.7236
 EELEC  =    -94470.4524  EHBOND  =         0.0000  RESTRAINT  =         0.0000
 EKCMT  =         0.0000  VIRIAL  =         0.0000  VOLUME     =    251149.2446
                                                    Density    =         1.0066
 ------------------------------------------------------------------------------


 NSTEP =  3150000   TIME(PS) =    6400.000  TEMP(K) =   299.81  PRESS =     0.0
 Etot   =    -61339.4578  EKtot   =     15141.3320  EPtot      =    -76480.7898
 BOND   =       376.3979  ANGLE   =      1190.3409  DIHED      =      1390.3292
 1-4 NB =       416.7174  1-4 EEL =      4903.7868  VDWAALS    =      9873.6253
 EELEC  =    -94631.9873  EHBOND  =         0.0000  RESTRAINT  =         0.0000
 EKCMT  =         0.0000  VIRIAL  =         0.0000  VOLUME     =    251221.5731
                                                    Density    =         1.0063
 ------------------------------------------------------------------------------


 NSTEP =  3160000   TIME(PS) =    6420.000  TEMP(K) =   300.64  PRESS =     0.0
 Etot   =    -61346.5566  EKtot   =     15183.4629  EPtot      =    -76530.0195
 BOND   =       337.5616  ANGLE   =      1250.3562  DIHED      =      1392.0008
 1-4 NB =       425.7248  1-4 EEL =      4919.3087  VDWAALS    =      9942.6081
 EELEC  =    -94797.5797  EHBOND  =         0.0000  RESTRAINT  =         0.0000
 EKCMT  =         0.0000  VIRIAL  =         0.0000  VOLUME     =    250979.5957
                                                    Density    =         1.0073
 ------------------------------------------------------------------------------


 NSTEP =  3170000   TIME(PS) =    6440.000  TEMP(K) =   302.81  PRESS =     0.0
 Etot   =    -61017.4929  EKtot   =     15293.1729  EPtot      =    -76310.6657
 BOND   =       333.7983  ANGLE   =      1200.9033  DIHED      =      1388.7882
 1-4 NB =       420.9843  1-4 EEL =      4868.8527  VDWAALS    =      9983.4942
 EELEC  =    -94507.4867  EHBOND  =         0.0000  RESTRAINT  =         0.0000
 EKCMT  =         0.0000  VIRIAL  =         0.0000  VOLUME     =    250961.9016
                                                    Density    =         1.0074
 ------------------------------------------------------------------------------


 NSTEP =  3180000   TIME(PS) =    6460.000  TEMP(K) =   298.14  PRESS =     0.0
 Etot   =    -61427.0427  EKtot   =     15057.0410  EPtot      =    -76484.0837
 BOND   =       350.7980  ANGLE   =      1218.5465  DIHED      =      1399.6204
 1-4 NB =       419.2664  1-4 EEL =      4889.6608  VDWAALS    =      9909.4890
 EELEC  =    -94671.4649  EHBOND  =         0.0000  RESTRAINT  =         0.0000
 EKCMT  =         0.0000  VIRIAL  =         0.0000  VOLUME     =    251160.4939
                                                    Density    =         1.0066
 ------------------------------------------------------------------------------


 NSTEP =  3190000   TIME(PS) =    6480.000  TEMP(K) =   301.90  PRESS =     0.0
 Etot   =    -61214.7726  EKtot   =     15246.9268  EPtot      =    -76461.6994
 BOND   =       347.2482  ANGLE   =      1230.0605  DIHED      =      1386.2795
 1-4 NB =       423.6474  1-4 EEL =      4932.6231  VDWAALS    =     10042.8429
 EELEC  =    -94824.4010  EHBOND  =         0.0000  RESTRAINT  =         0.0000
 EKCMT  =         0.0000  VIRIAL  =         0.0000  VOLUME     =    251028.5728
                                                    Density    =         1.0071
 ------------------------------------------------------------------------------


 NSTEP =  3200000   TIME(PS) =    6500.000  TEMP(K) =   303.14  PRESS =     0.0
 Etot   =    -61395.0448  EKtot   =     15309.7510  EPtot      =    -76704.7958
 BOND   =       335.2201  ANGLE   =      1188.9321  DIHED      =      1386.4402
 1-4 NB =       424.8691  1-4 EEL =      4891.1189  VDWAALS    =     10190.6618
 EELEC  =    -95122.0380  EHBOND  =         0.0000  RESTRAINT  =         0.0000
 EKCMT  =         0.0000  VIRIAL  =         0.0000  VOLUME     =    250479.9823
                                                    Density    =         1.0093
 ------------------------------------------------------------------------------


 NSTEP =  3210000   TIME(PS) =    6520.000  TEMP(K) =   299.61  PRESS =     0.0
 Etot   =    -61475.0141  EKtot   =     15131.3623  EPtot      =    -76606.3764
 BOND   =       360.3347  ANGLE   =      1207.6438  DIHED      =      1382.6094
 1-4 NB =       428.6512  1-4 EEL =      4943.4254  VDWAALS    =     10222.3919
 EELEC  =    -95151.4326  EHBOND  =         0.0000  RESTRAINT  =         0.0000
 EKCMT  =         0.0000  VIRIAL  =         0.0000  VOLUME     =    249976.9541
                                                    Density    =         1.0114
 ------------------------------------------------------------------------------


 NSTEP =  3220000   TIME(PS) =    6540.000  TEMP(K) =   299.80  PRESS =     0.0
 Etot   =    -61002.6364  EKtot   =     15141.0039  EPtot      =    -76143.6403
 BOND   =       354.5486  ANGLE   =      1210.2373  DIHED      =      1403.5686
 1-4 NB =       414.4854  1-4 EEL =      4886.9537  VDWAALS    =      9925.8267
 EELEC  =    -94339.2607  EHBOND  =         0.0000  RESTRAINT  =         0.0000
 EKCMT  =         0.0000  VIRIAL  =         0.0000  VOLUME     =    251747.6984
                                                    Density    =         1.0042
 ------------------------------------------------------------------------------


 NSTEP =  3230000   TIME(PS) =    6560.000  TEMP(K) =   298.71  PRESS =     0.0
 Etot   =    -61313.3856  EKtot   =     15085.9004  EPtot      =    -76399.2860
 BOND   =       347.1833  ANGLE   =      1205.1574  DIHED      =      1399.2329
 1-4 NB =       423.4063  1-4 EEL =      4899.9328  VDWAALS    =      9904.7130
 EELEC  =    -94578.9118  EHBOND  =         0.0000  RESTRAINT  =         0.0000
 EKCMT  =         0.0000  VIRIAL  =         0.0000  VOLUME     =    251160.6283
                                                    Density    =         1.0066
 ------------------------------------------------------------------------------


 NSTEP =  3240000   TIME(PS) =    6580.000  TEMP(K) =   300.13  PRESS =     0.0
 Etot   =    -61510.3354  EKtot   =     15157.7383  EPtot      =    -76668.0737
 BOND   =       343.0977  ANGLE   =      1185.7987  DIHED      =      1381.0911
 1-4 NB =       435.4596  1-4 EEL =      4920.7257  VDWAALS    =      9773.6827
 EELEC  =    -94707.9293  EHBOND  =         0.0000  RESTRAINT  =         0.0000
 EKCMT  =         0.0000  VIRIAL  =         0.0000  VOLUME     =    250370.8701
                                                    Density    =         1.0098
 ------------------------------------------------------------------------------


 NSTEP =  3250000   TIME(PS) =    6600.000  TEMP(K) =   301.75  PRESS =     0.0
 Etot   =    -61392.2111  EKtot   =     15239.2900  EPtot      =    -76631.5011
 BOND   =       363.2241  ANGLE   =      1257.0850  DIHED      =      1381.8634
 1-4 NB =       428.3610  1-4 EEL =      4913.4703  VDWAALS    =      9999.1160
 EELEC  =    -94974.6209  EHBOND  =         0.0000  RESTRAINT  =         0.0000
 EKCMT  =         0.0000  VIRIAL  =         0.0000  VOLUME     =    250388.0087
                                                    Density    =         1.0097
 ------------------------------------------------------------------------------


 NSTEP =  3260000   TIME(PS) =    6620.000  TEMP(K) =   295.01  PRESS =     0.0
 Etot   =    -61539.6148  EKtot   =     14899.0830  EPtot      =    -76438.6978
 BOND   =       340.2125  ANGLE   =      1253.4045  DIHED      =      1414.1383
 1-4 NB =       423.4753  1-4 EEL =      4927.0004  VDWAALS    =      9944.2495
 EELEC  =    -94741.1781  EHBOND  =         0.0000  RESTRAINT  =         0.0000
 EKCMT  =         0.0000  VIRIAL  =         0.0000  VOLUME     =    250726.5077
                                                    Density    =         1.0083
 ------------------------------------------------------------------------------


 NSTEP =  3270000   TIME(PS) =    6640.000  TEMP(K) =   301.31  PRESS =     0.0
 Etot   =    -61180.8733  EKtot   =     15217.0000  EPtot      =    -76397.8733
 BOND   =       374.9405  ANGLE   =      1222.4843  DIHED      =      1416.1072
 1-4 NB =       429.9883  1-4 EEL =      4868.2306  VDWAALS    =      9820.4211
 EELEC  =    -94530.0453  EHBOND  =         0.0000  RESTRAINT  =         0.0000
 EKCMT  =         0.0000  VIRIAL  =         0.0000  VOLUME     =    250644.1011
                                                    Density    =         1.0087
 ------------------------------------------------------------------------------


 NSTEP =  3280000   TIME(PS) =    6660.000  TEMP(K) =   300.38  PRESS =     0.0
 Etot   =    -61105.6470  EKtot   =     15170.2578  EPtot      =    -76275.9048
 BOND   =       351.0682  ANGLE   =      1196.7033  DIHED      =      1387.0761
 1-4 NB =       420.8416  1-4 EEL =      4891.5171  VDWAALS    =     10057.5706
 EELEC  =    -94580.6817  EHBOND  =         0.0000  RESTRAINT  =         0.0000
 EKCMT  =         0.0000  VIRIAL  =         0.0000  VOLUME     =    250914.6760
                                                    Density    =         1.0076
 ------------------------------------------------------------------------------


 NSTEP =  3290000   TIME(PS) =    6680.000  TEMP(K) =   296.90  PRESS =     0.0
 Etot   =    -61296.1439  EKtot   =     14994.3975  EPtot      =    -76290.5414
 BOND   =       345.4994  ANGLE   =      1214.1253  DIHED      =      1405.4901
 1-4 NB =       426.4230  1-4 EEL =      4963.1914  VDWAALS    =      9644.5922
 EELEC  =    -94289.8628  EHBOND  =         0.0000  RESTRAINT  =         0.0000
 EKCMT  =         0.0000  VIRIAL  =         0.0000  VOLUME     =    251140.0399
                                                    Density    =         1.0067
 ------------------------------------------------------------------------------


 NSTEP =  3300000   TIME(PS) =    6700.000  TEMP(K) =   300.38  PRESS =     0.0
 Etot   =    -61023.1093  EKtot   =     15170.0957  EPtot      =    -76193.2050
 BOND   =       364.5688  ANGLE   =      1237.4697  DIHED      =      1376.3015
 1-4 NB =       420.3324  1-4 EEL =      4872.3901  VDWAALS    =      9751.1190
 EELEC  =    -94215.3865  EHBOND  =         0.0000  RESTRAINT  =         0.0000
 EKCMT  =         0.0000  VIRIAL  =         0.0000  VOLUME     =    252321.4373
                                                    Density    =         1.0020
 ------------------------------------------------------------------------------


 NSTEP =  3310000   TIME(PS) =    6720.000  TEMP(K) =   300.59  PRESS =     0.0
 Etot   =    -61495.5735  EKtot   =     15180.8535  EPtot      =    -76676.4270
 BOND   =       345.3293  ANGLE   =      1232.1487  DIHED      =      1410.9033
 1-4 NB =       420.3328  1-4 EEL =      4886.9932  VDWAALS    =      9762.1511
 EELEC  =    -94734.2853  EHBOND  =         0.0000  RESTRAINT  =         0.0000
 EKCMT  =         0.0000  VIRIAL  =         0.0000  VOLUME     =    250601.2435
                                                    Density    =         1.0088
 ------------------------------------------------------------------------------


 NSTEP =  3320000   TIME(PS) =    6740.000  TEMP(K) =   300.21  PRESS =     0.0
 Etot   =    -61264.8865  EKtot   =     15161.6084  EPtot      =    -76426.4949
 BOND   =       351.9157  ANGLE   =      1237.1147  DIHED      =      1419.3816
 1-4 NB =       425.9033  1-4 EEL =      4898.8067  VDWAALS    =      9993.9791
 EELEC  =    -94753.5960  EHBOND  =         0.0000  RESTRAINT  =         0.0000
 EKCMT  =         0.0000  VIRIAL  =         0.0000  VOLUME     =    252379.5078
                                                    Density    =         1.0017
 ------------------------------------------------------------------------------


 NSTEP =  3330000   TIME(PS) =    6760.000  TEMP(K) =   298.56  PRESS =     0.0
 Etot   =    -61160.4686  EKtot   =     15078.3672  EPtot      =    -76238.8358
 BOND   =       376.0584  ANGLE   =      1176.5536  DIHED      =      1399.2482
 1-4 NB =       418.4618  1-4 EEL =      4914.0215  VDWAALS    =      9713.1448
 EELEC  =    -94236.3242  EHBOND  =         0.0000  RESTRAINT  =         0.0000
 EKCMT  =         0.0000  VIRIAL  =         0.0000  VOLUME     =    252893.4321
                                                    Density    =         0.9997
 ------------------------------------------------------------------------------


 NSTEP =  3340000   TIME(PS) =    6780.000  TEMP(K) =   302.25  PRESS =     0.0
 Etot   =    -61285.4523  EKtot   =     15264.6279  EPtot      =    -76550.0802
 BOND   =       369.0040  ANGLE   =      1249.3634  DIHED      =      1390.0629
 1-4 NB =       418.8787  1-4 EEL =      4900.1350  VDWAALS    =     10030.9159
 EELEC  =    -94908.4400  EHBOND  =         0.0000  RESTRAINT  =         0.0000
 EKCMT  =         0.0000  VIRIAL  =         0.0000  VOLUME     =    251176.8661
                                                    Density    =         1.0065
 ------------------------------------------------------------------------------


 NSTEP =  3350000   TIME(PS) =    6800.000  TEMP(K) =   299.21  PRESS =     0.0
 Etot   =    -61399.6768  EKtot   =     15110.9961  EPtot      =    -76510.6729
 BOND   =       356.0778  ANGLE   =      1211.5156  DIHED      =      1401.5078
 1-4 NB =       418.4718  1-4 EEL =      4964.8625  VDWAALS    =     10005.5891
 EELEC  =    -94868.6974  EHBOND  =         0.0000  RESTRAINT  =         0.0000
 EKCMT  =         0.0000  VIRIAL  =         0.0000  VOLUME     =    250777.8635
                                                    Density    =         1.0081
 ------------------------------------------------------------------------------


 NSTEP =  3360000   TIME(PS) =    6820.000  TEMP(K) =   299.76  PRESS =     0.0
 Etot   =    -61458.8258  EKtot   =     15138.9883  EPtot      =    -76597.8141
 BOND   =       379.7400  ANGLE   =      1182.7662  DIHED      =      1382.7111
 1-4 NB =       410.5044  1-4 EEL =      4871.7741  VDWAALS    =     10056.3813
 EELEC  =    -94881.6912  EHBOND  =         0.0000  RESTRAINT  =         0.0000
 EKCMT  =         0.0000  VIRIAL  =         0.0000  VOLUME     =    250522.4489
                                                    Density    =         1.0091
 ------------------------------------------------------------------------------


 NSTEP =  3370000   TIME(PS) =    6840.000  TEMP(K) =   300.36  PRESS =     0.0
 Etot   =    -61229.8469  EKtot   =     15168.9854  EPtot      =    -76398.8323
 BOND   =       345.6450  ANGLE   =      1195.7221  DIHED      =      1385.6442
 1-4 NB =       412.4726  1-4 EEL =      4893.5783  VDWAALS    =     10066.3099
 EELEC  =    -94698.2043  EHBOND  =         0.0000  RESTRAINT  =         0.0000
 EKCMT  =         0.0000  VIRIAL  =         0.0000  VOLUME     =    250146.7252
                                                    Density    =         1.0107
 ------------------------------------------------------------------------------


 NSTEP =  3380000   TIME(PS) =    6860.000  TEMP(K) =   299.59  PRESS =     0.0
 Etot   =    -61320.6590  EKtot   =     15130.2490  EPtot      =    -76450.9080
 BOND   =       340.9788  ANGLE   =      1214.5112  DIHED      =      1403.2821
 1-4 NB =       430.2418  1-4 EEL =      4879.8966  VDWAALS    =     10065.3715
 EELEC  =    -94785.1899  EHBOND  =         0.0000  RESTRAINT  =         0.0000
 EKCMT  =         0.0000  VIRIAL  =         0.0000  VOLUME     =    249682.1101
                                                    Density    =         1.0125
 ------------------------------------------------------------------------------


 NSTEP =  3390000   TIME(PS) =    6880.000  TEMP(K) =   300.50  PRESS =     0.0
 Etot   =    -61359.7814  EKtot   =     15176.0840  EPtot      =    -76535.8653
 BOND   =       336.9828  ANGLE   =      1191.4139  DIHED      =      1379.1333
 1-4 NB =       428.9529  1-4 EEL =      4893.3897  VDWAALS    =      9797.7257
 EELEC  =    -94563.4636  EHBOND  =         0.0000  RESTRAINT  =         0.0000
 EKCMT  =         0.0000  VIRIAL  =         0.0000  VOLUME     =    249595.7227
                                                    Density    =         1.0129
 ------------------------------------------------------------------------------


 NSTEP =  3400000   TIME(PS) =    6900.000  TEMP(K) =   301.18  PRESS =     0.0
 Etot   =    -61071.8161  EKtot   =     15210.6562  EPtot      =    -76282.4724
 BOND   =       366.3590  ANGLE   =      1218.4497  DIHED      =      1399.2676
 1-4 NB =       417.5703  1-4 EEL =      4877.6505  VDWAALS    =     10119.9417
 EELEC  =    -94681.7110  EHBOND  =         0.0000  RESTRAINT  =         0.0000
 EKCMT  =         0.0000  VIRIAL  =         0.0000  VOLUME     =    250744.8618
                                                    Density    =         1.0083
 ------------------------------------------------------------------------------


 NSTEP =  3410000   TIME(PS) =    6920.000  TEMP(K) =   298.97  PRESS =     0.0
 Etot   =    -61434.5214  EKtot   =     15099.1582  EPtot      =    -76533.6797
 BOND   =       338.2465  ANGLE   =      1229.7817  DIHED      =      1402.5027
 1-4 NB =       431.5785  1-4 EEL =      4903.2678  VDWAALS    =      9856.5677
 EELEC  =    -94695.6245  EHBOND  =         0.0000  RESTRAINT  =         0.0000
 EKCMT  =         0.0000  VIRIAL  =         0.0000  VOLUME     =    250280.2072
                                                    Density    =         1.0101
 ------------------------------------------------------------------------------


 NSTEP =  3420000   TIME(PS) =    6940.000  TEMP(K) =   301.28  PRESS =     0.0
 Etot   =    -61086.2086  EKtot   =     15215.7891  EPtot      =    -76301.9977
 BOND   =       341.5065  ANGLE   =      1231.2091  DIHED      =      1378.5360
 1-4 NB =       411.6683  1-4 EEL =      4882.7885  VDWAALS    =      9805.9263
 EELEC  =    -94353.6323  EHBOND  =         0.0000  RESTRAINT  =         0.0000
 EKCMT  =         0.0000  VIRIAL  =         0.0000  VOLUME     =    250763.6777
                                                    Density    =         1.0082
 ------------------------------------------------------------------------------


 NSTEP =  3430000   TIME(PS) =    6960.000  TEMP(K) =   297.05  PRESS =     0.0
 Etot   =    -61273.4333  EKtot   =     15002.0469  EPtot      =    -76275.4802
 BOND   =       371.4805  ANGLE   =      1216.2132  DIHED      =      1407.2412
 1-4 NB =       421.5098  1-4 EEL =      4931.7743  VDWAALS    =      9927.2122
 EELEC  =    -94550.9114  EHBOND  =         0.0000  RESTRAINT  =         0.0000
 EKCMT  =         0.0000  VIRIAL  =         0.0000  VOLUME     =    251773.6396
                                                    Density    =         1.0041
 ------------------------------------------------------------------------------


 NSTEP =  3440000   TIME(PS) =    6980.000  TEMP(K) =   300.78  PRESS =     0.0
 Etot   =    -61311.6227  EKtot   =     15190.4639  EPtot      =    -76502.0865
 BOND   =       339.3522  ANGLE   =      1217.2904  DIHED      =      1363.8418
 1-4 NB =       425.6778  1-4 EEL =      4897.0532  VDWAALS    =      9650.1463
 EELEC  =    -94395.4482  EHBOND  =         0.0000  RESTRAINT  =         0.0000
 EKCMT  =         0.0000  VIRIAL  =         0.0000  VOLUME     =    251170.6129
                                                    Density    =         1.0065
 ------------------------------------------------------------------------------


 NSTEP =  3450000   TIME(PS) =    7000.000  TEMP(K) =   301.32  PRESS =     0.0
 Etot   =    -61314.9649  EKtot   =     15217.7188  EPtot      =    -76532.6836
 BOND   =       367.2798  ANGLE   =      1206.4642  DIHED      =      1394.6216
 1-4 NB =       427.4333  1-4 EEL =      4894.7279  VDWAALS    =      9953.7396
 EELEC  =    -94776.9499  EHBOND  =         0.0000  RESTRAINT  =         0.0000
 EKCMT  =         0.0000  VIRIAL  =         0.0000  VOLUME     =    250192.1610
                                                    Density    =         1.0105
 ------------------------------------------------------------------------------


 NSTEP =  3460000   TIME(PS) =    7020.000  TEMP(K) =   302.76  PRESS =     0.0
 Etot   =    -61182.8864  EKtot   =     15290.6221  EPtot      =    -76473.5085
 BOND   =       344.2387  ANGLE   =      1182.4517  DIHED      =      1409.5819
 1-4 NB =       432.9603  1-4 EEL =      4913.2646  VDWAALS    =      9975.1417
 EELEC  =    -94731.1474  EHBOND  =         0.0000  RESTRAINT  =         0.0000
 EKCMT  =         0.0000  VIRIAL  =         0.0000  VOLUME     =    251924.4339
                                                    Density    =         1.0035
 ------------------------------------------------------------------------------


 NSTEP =  3470000   TIME(PS) =    7040.000  TEMP(K) =   299.36  PRESS =     0.0
 Etot   =    -61601.4639  EKtot   =     15118.6055  EPtot      =    -76720.0694
 BOND   =       360.2316  ANGLE   =      1203.4300  DIHED      =      1395.7510
 1-4 NB =       404.8987  1-4 EEL =      4875.8782  VDWAALS    =     10005.2078
 EELEC  =    -94965.4667  EHBOND  =         0.0000  RESTRAINT  =         0.0000
 EKCMT  =         0.0000  VIRIAL  =         0.0000  VOLUME     =    250795.7065
                                                    Density    =         1.0080
 ------------------------------------------------------------------------------


 NSTEP =  3480000   TIME(PS) =    7060.000  TEMP(K) =   300.64  PRESS =     0.0
 Etot   =    -61481.1602  EKtot   =     15183.5107  EPtot      =    -76664.6709
 BOND   =       352.2242  ANGLE   =      1211.2531  DIHED      =      1389.5688
 1-4 NB =       409.9720  1-4 EEL =      4872.4804  VDWAALS    =     10084.6661
 EELEC  =    -94984.8355  EHBOND  =         0.0000  RESTRAINT  =         0.0000
 EKCMT  =         0.0000  VIRIAL  =         0.0000  VOLUME     =    249864.8418
                                                    Density    =         1.0118
 ------------------------------------------------------------------------------


 NSTEP =  3490000   TIME(PS) =    7080.000  TEMP(K) =   300.15  PRESS =     0.0
 Etot   =    -61178.6784  EKtot   =     15158.4824  EPtot      =    -76337.1608
 BOND   =       376.7033  ANGLE   =      1210.1247  DIHED      =      1385.6048
 1-4 NB =       429.7565  1-4 EEL =      4860.4531  VDWAALS    =     10099.2846
 EELEC  =    -94699.0879  EHBOND  =         0.0000  RESTRAINT  =         0.0000
 EKCMT  =         0.0000  VIRIAL  =         0.0000  VOLUME     =    249437.9951
                                                    Density    =         1.0135
 ------------------------------------------------------------------------------


 NSTEP =  3500000   TIME(PS) =    7100.000  TEMP(K) =   302.47  PRESS =     0.0
 Etot   =    -60959.2593  EKtot   =     15275.7188  EPtot      =    -76234.9780
 BOND   =       372.0585  ANGLE   =      1237.2043  DIHED      =      1380.3109
 1-4 NB =       422.9818  1-4 EEL =      4876.2329  VDWAALS    =      9594.1590
 EELEC  =    -94117.9254  EHBOND  =         0.0000  RESTRAINT  =         0.0000
 EKCMT  =         0.0000  VIRIAL  =         0.0000  VOLUME     =    249997.3302
                                                    Density    =         1.0113
 ------------------------------------------------------------------------------


 NSTEP =  3510000   TIME(PS) =    7120.000  TEMP(K) =   297.63  PRESS =     0.0
 Etot   =    -61299.6055  EKtot   =     15031.3682  EPtot      =    -76330.9737
 BOND   =       360.5156  ANGLE   =      1209.9714  DIHED      =      1396.3016
 1-4 NB =       428.7918  1-4 EEL =      4923.1442  VDWAALS    =     10000.9542
 EELEC  =    -94650.6524  EHBOND  =         0.0000  RESTRAINT  =         0.0000
 EKCMT  =         0.0000  VIRIAL  =         0.0000  VOLUME     =    250880.6566
                                                    Density    =         1.0077
 ------------------------------------------------------------------------------


 NSTEP =  3520000   TIME(PS) =    7140.000  TEMP(K) =   302.14  PRESS =     0.0
 Etot   =    -61281.9339  EKtot   =     15259.2734  EPtot      =    -76541.2074
 BOND   =       333.2663  ANGLE   =      1198.4615  DIHED      =      1395.5211
 1-4 NB =       424.0380  1-4 EEL =      4880.2215  VDWAALS    =      9900.0590
 EELEC  =    -94672.7748  EHBOND  =         0.0000  RESTRAINT  =         0.0000
 EKCMT  =         0.0000  VIRIAL  =         0.0000  VOLUME     =    250539.9099
                                                    Density    =         1.0091
 ------------------------------------------------------------------------------


 NSTEP =  3530000   TIME(PS) =    7160.000  TEMP(K) =   304.85  PRESS =     0.0
 Etot   =    -60955.0258  EKtot   =     15396.2324  EPtot      =    -76351.2582
 BOND   =       343.5764  ANGLE   =      1255.4302  DIHED      =      1401.0514
 1-4 NB =       435.4678  1-4 EEL =      4923.4215  VDWAALS    =      9755.9151
 EELEC  =    -94466.1207  EHBOND  =         0.0000  RESTRAINT  =         0.0000
 EKCMT  =         0.0000  VIRIAL  =         0.0000  VOLUME     =    251600.9933
                                                    Density    =         1.0048
 ------------------------------------------------------------------------------


 NSTEP =  3540000   TIME(PS) =    7180.000  TEMP(K) =   302.02  PRESS =     0.0
 Etot   =    -61368.2437  EKtot   =     15253.1104  EPtot      =    -76621.3540
 BOND   =       345.5987  ANGLE   =      1218.3255  DIHED      =      1378.5635
 1-4 NB =       435.4248  1-4 EEL =      4925.2624  VDWAALS    =      9982.7600
 EELEC  =    -94907.2889  EHBOND  =         0.0000  RESTRAINT  =         0.0000
 EKCMT  =         0.0000  VIRIAL  =         0.0000  VOLUME     =    250848.8778
                                                    Density    =         1.0078
 ------------------------------------------------------------------------------


 NSTEP =  3550000   TIME(PS) =    7200.000  TEMP(K) =   298.80  PRESS =     0.0
 Etot   =    -61353.0208  EKtot   =     15090.6318  EPtot      =    -76443.6526
 BOND   =       385.9845  ANGLE   =      1231.0953  DIHED      =      1386.4169
 1-4 NB =       412.9723  1-4 EEL =      4859.1495  VDWAALS    =      9736.1109
 EELEC  =    -94455.3822  EHBOND  =         0.0000  RESTRAINT  =         0.0000
 EKCMT  =         0.0000  VIRIAL  =         0.0000  VOLUME     =    250433.2367
                                                    Density    =         1.0095
 ------------------------------------------------------------------------------


 NSTEP =  3560000   TIME(PS) =    7220.000  TEMP(K) =   293.88  PRESS =     0.0
 Etot   =    -61481.1383  EKtot   =     14842.1826  EPtot      =    -76323.3209
 BOND   =       353.3059  ANGLE   =      1193.2639  DIHED      =      1388.0823
 1-4 NB =       419.3650  1-4 EEL =      4898.1269  VDWAALS    =      9799.8166
 EELEC  =    -94375.2813  EHBOND  =         0.0000  RESTRAINT  =         0.0000
 EKCMT  =         0.0000  VIRIAL  =         0.0000  VOLUME     =    250311.7587
                                                    Density    =         1.0100
 ------------------------------------------------------------------------------


 NSTEP =  3570000   TIME(PS) =    7240.000  TEMP(K) =   298.50  PRESS =     0.0
 Etot   =    -61172.8178  EKtot   =     15075.3291  EPtot      =    -76248.1469
 BOND   =       363.4249  ANGLE   =      1257.4656  DIHED      =      1372.0323
 1-4 NB =       418.0703  1-4 EEL =      4879.3769  VDWAALS    =      9810.8018
 EELEC  =    -94349.3187  EHBOND  =         0.0000  RESTRAINT  =         0.0000
 EKCMT  =         0.0000  VIRIAL  =         0.0000  VOLUME     =    251812.3595
                                                    Density    =         1.0040
 ------------------------------------------------------------------------------


 NSTEP =  3580000   TIME(PS) =    7260.000  TEMP(K) =   300.60  PRESS =     0.0
 Etot   =    -61209.4485  EKtot   =     15181.2344  EPtot      =    -76390.6829
 BOND   =       340.3098  ANGLE   =      1198.5527  DIHED      =      1376.6098
 1-4 NB =       420.8841  1-4 EEL =      4873.6946  VDWAALS    =      9735.9362
 EELEC  =    -94336.6700  EHBOND  =         0.0000  RESTRAINT  =         0.0000
 EKCMT  =         0.0000  VIRIAL  =         0.0000  VOLUME     =    250790.7462
                                                    Density    =         1.0081
 ------------------------------------------------------------------------------


 NSTEP =  3590000   TIME(PS) =    7280.000  TEMP(K) =   301.61  PRESS =     0.0
 Etot   =    -61079.1513  EKtot   =     15232.4854  EPtot      =    -76311.6367
 BOND   =       376.9330  ANGLE   =      1196.2985  DIHED      =      1407.7406
 1-4 NB =       419.3797  1-4 EEL =      4876.1543  VDWAALS    =      9999.5919
 EELEC  =    -94587.7348  EHBOND  =         0.0000  RESTRAINT  =         0.0000
 EKCMT  =         0.0000  VIRIAL  =         0.0000  VOLUME     =    251608.3902
                                                    Density    =         1.0048
 ------------------------------------------------------------------------------


 NSTEP =  3600000   TIME(PS) =    7300.000  TEMP(K) =   300.07  PRESS =     0.0
 Etot   =    -61558.6969  EKtot   =     15154.8320  EPtot      =    -76713.5289
 BOND   =       322.1172  ANGLE   =      1224.6550  DIHED      =      1368.0462
 1-4 NB =       414.1618  1-4 EEL =      4894.4254  VDWAALS    =      9969.4278
 EELEC  =    -94906.3623  EHBOND  =         0.0000  RESTRAINT  =         0.0000
 EKCMT  =         0.0000  VIRIAL  =         0.0000  VOLUME     =    250809.9551
                                                    Density    =         1.0080
 ------------------------------------------------------------------------------


 NSTEP =  3610000   TIME(PS) =    7320.000  TEMP(K) =   299.75  PRESS =     0.0
 Etot   =    -61273.2113  EKtot   =     15138.4688  EPtot      =    -76411.6801
 BOND   =       364.5349  ANGLE   =      1246.6462  DIHED      =      1393.6232
 1-4 NB =       415.4747  1-4 EEL =      4886.4770  VDWAALS    =      9867.2628
 EELEC  =    -94585.6988  EHBOND  =         0.0000  RESTRAINT  =         0.0000
 EKCMT  =         0.0000  VIRIAL  =         0.0000  VOLUME     =    251085.2740
                                                    Density    =         1.0069
 ------------------------------------------------------------------------------


 NSTEP =  3620000   TIME(PS) =    7340.000  TEMP(K) =   298.02  PRESS =     0.0
 Etot   =    -61521.9612  EKtot   =     15051.2354  EPtot      =    -76573.1966
 BOND   =       348.5473  ANGLE   =      1186.6762  DIHED      =      1383.5163
 1-4 NB =       429.4677  1-4 EEL =      4919.1941  VDWAALS    =      9782.3507
 EELEC  =    -94622.9488  EHBOND  =         0.0000  RESTRAINT  =         0.0000
 EKCMT  =         0.0000  VIRIAL  =         0.0000  VOLUME     =    251979.9089
                                                    Density    =         1.0033
 ------------------------------------------------------------------------------


 NSTEP =  3630000   TIME(PS) =    7360.000  TEMP(K) =   296.42  PRESS =     0.0
 Etot   =    -61496.7219  EKtot   =     14970.1025  EPtot      =    -76466.8244
 BOND   =       387.1319  ANGLE   =      1202.6543  DIHED      =      1394.1645
 1-4 NB =       410.4211  1-4 EEL =      4852.3208  VDWAALS    =     10018.4453
 EELEC  =    -94731.9624  EHBOND  =         0.0000  RESTRAINT  =         0.0000
 EKCMT  =         0.0000  VIRIAL  =         0.0000  VOLUME     =    251754.6893
                                                    Density    =         1.0042
 ------------------------------------------------------------------------------


 NSTEP =  3640000   TIME(PS) =    7380.000  TEMP(K) =   299.42  PRESS =     0.0
 Etot   =    -61362.1819  EKtot   =     15121.7441  EPtot      =    -76483.9261
 BOND   =       337.4842  ANGLE   =      1218.4913  DIHED      =      1364.8318
 1-4 NB =       423.6685  1-4 EEL =      4887.1133  VDWAALS    =      9950.8619
 EELEC  =    -94666.3770  EHBOND  =         0.0000  RESTRAINT  =         0.0000
 EKCMT  =         0.0000  VIRIAL  =         0.0000  VOLUME     =    249742.2247
                                                    Density    =         1.0123
 ------------------------------------------------------------------------------


 NSTEP =  3650000   TIME(PS) =    7400.000  TEMP(K) =   299.46  PRESS =     0.0
 Etot   =    -61341.9154  EKtot   =     15123.7432  EPtot      =    -76465.6586
 BOND   =       352.1714  ANGLE   =      1214.9913  DIHED      =      1367.8708
 1-4 NB =       413.4687  1-4 EEL =      4896.7488  VDWAALS    =      9885.9321
 EELEC  =    -94596.8416  EHBOND  =         0.0000  RESTRAINT  =         0.0000
 EKCMT  =         0.0000  VIRIAL  =         0.0000  VOLUME     =    250297.4296
                                                    Density    =         1.0101
 ------------------------------------------------------------------------------


 NSTEP =  3660000   TIME(PS) =    7420.000  TEMP(K) =   301.63  PRESS =     0.0
 Etot   =    -61256.1145  EKtot   =     15233.5850  EPtot      =    -76489.6995
 BOND   =       373.1165  ANGLE   =      1238.8464  DIHED      =      1388.9504
 1-4 NB =       398.3512  1-4 EEL =      4895.9442  VDWAALS    =     10064.6907
 EELEC  =    -94849.5989  EHBOND  =         0.0000  RESTRAINT  =         0.0000
 EKCMT  =         0.0000  VIRIAL  =         0.0000  VOLUME     =    250812.1220
                                                    Density    =         1.0080
 ------------------------------------------------------------------------------


 NSTEP =  3670000   TIME(PS) =    7440.000  TEMP(K) =   300.34  PRESS =     0.0
 Etot   =    -61255.0017  EKtot   =     15168.4189  EPtot      =    -76423.4207
 BOND   =       346.5812  ANGLE   =      1216.2850  DIHED      =      1366.2645
 1-4 NB =       412.5742  1-4 EEL =      4925.1155  VDWAALS    =     10147.6471
 EELEC  =    -94837.8881  EHBOND  =         0.0000  RESTRAINT  =         0.0000
 EKCMT  =         0.0000  VIRIAL  =         0.0000  VOLUME     =    251063.2169
                                                    Density    =         1.0070
 ------------------------------------------------------------------------------


 NSTEP =  3680000   TIME(PS) =    7460.000  TEMP(K) =   297.61  PRESS =     0.0
 Etot   =    -61630.3016  EKtot   =     15030.2305  EPtot      =    -76660.5321
 BOND   =       403.0111  ANGLE   =      1255.7204  DIHED      =      1374.3629
 1-4 NB =       413.2373  1-4 EEL =      4816.4739  VDWAALS    =     10029.8159
 EELEC  =    -94953.1535  EHBOND  =         0.0000  RESTRAINT  =         0.0000
 EKCMT  =         0.0000  VIRIAL  =         0.0000  VOLUME     =    249112.7881
                                                    Density    =         1.0149
 ------------------------------------------------------------------------------


 NSTEP =  3690000   TIME(PS) =    7480.000  TEMP(K) =   300.71  PRESS =     0.0
 Etot   =    -61320.5626  EKtot   =     15186.6504  EPtot      =    -76507.2130
 BOND   =       329.6898  ANGLE   =      1217.8570  DIHED      =      1397.7840
 1-4 NB =       423.3866  1-4 EEL =      4888.6710  VDWAALS    =      9726.4544
 EELEC  =    -94491.0559  EHBOND  =         0.0000  RESTRAINT  =         0.0000
 EKCMT  =         0.0000  VIRIAL  =         0.0000  VOLUME     =    250275.9023
                                                    Density    =         1.0101
 ------------------------------------------------------------------------------


 NSTEP =  3700000   TIME(PS) =    7500.000  TEMP(K) =   301.34  PRESS =     0.0
 Etot   =    -61236.2780  EKtot   =     15218.9678  EPtot      =    -76455.2457
 BOND   =       357.2371  ANGLE   =      1185.8815  DIHED      =      1400.6241
 1-4 NB =       411.9079  1-4 EEL =      4907.9365  VDWAALS    =      9793.4067
 EELEC  =    -94512.2395  EHBOND  =         0.0000  RESTRAINT  =         0.0000
 EKCMT  =         0.0000  VIRIAL  =         0.0000  VOLUME     =    250698.2577
                                                    Density    =         1.0084
 ------------------------------------------------------------------------------


 NSTEP =  3710000   TIME(PS) =    7520.000  TEMP(K) =   300.59  PRESS =     0.0
 Etot   =    -61138.1278  EKtot   =     15180.8223  EPtot      =    -76318.9501
 BOND   =       365.2437  ANGLE   =      1215.2829  DIHED      =      1380.3709
 1-4 NB =       416.7153  1-4 EEL =      4884.7063  VDWAALS    =      9960.7884
 EELEC  =    -94542.0575  EHBOND  =         0.0000  RESTRAINT  =         0.0000
 EKCMT  =         0.0000  VIRIAL  =         0.0000  VOLUME     =    250913.4993
                                                    Density    =         1.0076
 ------------------------------------------------------------------------------


 NSTEP =  3720000   TIME(PS) =    7540.000  TEMP(K) =   301.88  PRESS =     0.0
 Etot   =    -61212.5330  EKtot   =     15245.9287  EPtot      =    -76458.4617
 BOND   =       360.2834  ANGLE   =      1235.9841  DIHED      =      1406.6753
 1-4 NB =       410.3354  1-4 EEL =      4888.1185  VDWAALS    =     10023.2108
 EELEC  =    -94783.0693  EHBOND  =         0.0000  RESTRAINT  =         0.0000
 EKCMT  =         0.0000  VIRIAL  =         0.0000  VOLUME     =    250743.9045
                                                    Density    =         1.0083
 ------------------------------------------------------------------------------


 NSTEP =  3730000   TIME(PS) =    7560.000  TEMP(K) =   298.38  PRESS =     0.0
 Etot   =    -61229.9743  EKtot   =     15069.0215  EPtot      =    -76298.9958
 BOND   =       351.5953  ANGLE   =      1210.6402  DIHED      =      1404.3666
 1-4 NB =       412.7479  1-4 EEL =      4857.0666  VDWAALS    =     10137.3131
 EELEC  =    -94672.7256  EHBOND  =         0.0000  RESTRAINT  =         0.0000
 EKCMT  =         0.0000  VIRIAL  =         0.0000  VOLUME     =    251029.4394
                                                    Density    =         1.0071
 ------------------------------------------------------------------------------


 NSTEP =  3740000   TIME(PS) =    7580.000  TEMP(K) =   304.93  PRESS =     0.0
 Etot   =    -61036.9499  EKtot   =     15399.8701  EPtot      =    -76436.8200
 BOND   =       351.9038  ANGLE   =      1223.9818  DIHED      =      1396.1699
 1-4 NB =       434.4596  1-4 EEL =      4882.6065  VDWAALS    =      9769.5092
 EELEC  =    -94495.4508  EHBOND  =         0.0000  RESTRAINT  =         0.0000
 EKCMT  =         0.0000  VIRIAL  =         0.0000  VOLUME     =    249439.2144
                                                    Density    =         1.0135
 ------------------------------------------------------------------------------


 NSTEP =  3750000   TIME(PS) =    7600.000  TEMP(K) =   298.53  PRESS =     0.0
 Etot   =    -61385.4678  EKtot   =     15076.7510  EPtot      =    -76462.2188
 BOND   =       337.1277  ANGLE   =      1196.5736  DIHED      =      1412.1221
 1-4 NB =       405.9659  1-4 EEL =      4860.8871  VDWAALS    =      9784.0739
 EELEC  =    -94458.9691  EHBOND  =         0.0000  RESTRAINT  =         0.0000
 EKCMT  =         0.0000  VIRIAL  =         0.0000  VOLUME     =    250205.9475
                                                    Density    =         1.0104
 ------------------------------------------------------------------------------


 NSTEP =  3760000   TIME(PS) =    7620.000  TEMP(K) =   298.89  PRESS =     0.0
 Etot   =    -61423.2043  EKtot   =     15094.7959  EPtot      =    -76518.0002
 BOND   =       346.4326  ANGLE   =      1233.2872  DIHED      =      1407.7375
 1-4 NB =       412.9129  1-4 EEL =      4918.1972  VDWAALS    =      9684.6093
 EELEC  =    -94521.1769  EHBOND  =         0.0000  RESTRAINT  =         0.0000
 EKCMT  =         0.0000  VIRIAL  =         0.0000  VOLUME     =    250324.0321
                                                    Density    =         1.0099
 ------------------------------------------------------------------------------


 NSTEP =  3770000   TIME(PS) =    7640.000  TEMP(K) =   297.24  PRESS =     0.0
 Etot   =    -61587.1894  EKtot   =     15011.4893  EPtot      =    -76598.6786
 BOND   =       365.4134  ANGLE   =      1202.7438  DIHED      =      1404.0001
 1-4 NB =       416.4272  1-4 EEL =      4891.2705  VDWAALS    =     10079.6666
 EELEC  =    -94958.2003  EHBOND  =         0.0000  RESTRAINT  =         0.0000
 EKCMT  =         0.0000  VIRIAL  =         0.0000  VOLUME     =    250592.4793
                                                    Density    =         1.0089
 ------------------------------------------------------------------------------


 NSTEP =  3780000   TIME(PS) =    7660.000  TEMP(K) =   297.68  PRESS =     0.0
 Etot   =    -61496.1217  EKtot   =     15033.8779  EPtot      =    -76529.9996
 BOND   =       328.0213  ANGLE   =      1208.9951  DIHED      =      1360.4146
 1-4 NB =       422.8060  1-4 EEL =      4898.9191  VDWAALS    =      9893.2792
 EELEC  =    -94642.4349  EHBOND  =         0.0000  RESTRAINT  =         0.0000
 EKCMT  =         0.0000  VIRIAL  =         0.0000  VOLUME     =    251725.4673
                                                    Density    =         1.0043
 ------------------------------------------------------------------------------


 NSTEP =  3790000   TIME(PS) =    7680.000  TEMP(K) =   302.57  PRESS =     0.0
 Etot   =    -61220.8611  EKtot   =     15280.8701  EPtot      =    -76501.7312
 BOND   =       373.6701  ANGLE   =      1185.8833  DIHED      =      1396.8498
 1-4 NB =       409.6428  1-4 EEL =      4838.9795  VDWAALS    =      9745.8996
 EELEC  =    -94452.6562  EHBOND  =         0.0000  RESTRAINT  =         0.0000
 EKCMT  =         0.0000  VIRIAL  =         0.0000  VOLUME     =    249899.1913
                                                    Density    =         1.0117
 ------------------------------------------------------------------------------


 NSTEP =  3800000   TIME(PS) =    7700.000  TEMP(K) =   298.25  PRESS =     0.0
 Etot   =    -61295.0990  EKtot   =     15062.8330  EPtot      =    -76357.9320
 BOND   =       365.0555  ANGLE   =      1179.8996  DIHED      =      1383.6586
 1-4 NB =       418.9698  1-4 EEL =      4882.5256  VDWAALS    =      9889.7234
 EELEC  =    -94477.7644  EHBOND  =         0.0000  RESTRAINT  =         0.0000
 EKCMT  =         0.0000  VIRIAL  =         0.0000  VOLUME     =    251706.1848
                                                    Density    =         1.0044
 ------------------------------------------------------------------------------


 NSTEP =  3810000   TIME(PS) =    7720.000  TEMP(K) =   300.64  PRESS =     0.0
 Etot   =    -61356.8236  EKtot   =     15183.3086  EPtot      =    -76540.1322
 BOND   =       351.5043  ANGLE   =      1214.5153  DIHED      =      1407.5537
 1-4 NB =       417.8941  1-4 EEL =      4922.3735  VDWAALS    =      9969.1741
 EELEC  =    -94823.1472  EHBOND  =         0.0000  RESTRAINT  =         0.0000
 EKCMT  =         0.0000  VIRIAL  =         0.0000  VOLUME     =    249955.5831
                                                    Density    =         1.0114
 ------------------------------------------------------------------------------


 NSTEP =  3820000   TIME(PS) =    7740.000  TEMP(K) =   301.11  PRESS =     0.0
 Etot   =    -61326.9583  EKtot   =     15206.9580  EPtot      =    -76533.9163
 BOND   =       362.0799  ANGLE   =      1188.1909  DIHED      =      1392.8772
 1-4 NB =       408.0458  1-4 EEL =      4884.2980  VDWAALS    =     10021.3409
 EELEC  =    -94790.7489  EHBOND  =         0.0000  RESTRAINT  =         0.0000
 EKCMT  =         0.0000  VIRIAL  =         0.0000  VOLUME     =    250918.6872
                                                    Density    =         1.0076
 ------------------------------------------------------------------------------


 NSTEP =  3830000   TIME(PS) =    7760.000  TEMP(K) =   299.03  PRESS =     0.0
 Etot   =    -61437.2159  EKtot   =     15101.8730  EPtot      =    -76539.0889
 BOND   =       312.9335  ANGLE   =      1179.9471  DIHED      =      1381.0951
 1-4 NB =       422.2839  1-4 EEL =      4878.1015  VDWAALS    =     10091.4502
 EELEC  =    -94804.9004  EHBOND  =         0.0000  RESTRAINT  =         0.0000
 EKCMT  =         0.0000  VIRIAL  =         0.0000  VOLUME     =    249915.9110
                                                    Density    =         1.0116
 ------------------------------------------------------------------------------


 NSTEP =  3840000   TIME(PS) =    7780.000  TEMP(K) =   299.97  PRESS =     0.0
 Etot   =    -61394.1433  EKtot   =     15149.4775  EPtot      =    -76543.6208
 BOND   =       338.7502  ANGLE   =      1196.9044  DIHED      =      1405.2209
 1-4 NB =       415.2329  1-4 EEL =      4893.6612  VDWAALS    =      9906.9026
 EELEC  =    -94700.2931  EHBOND  =         0.0000  RESTRAINT  =         0.0000
 EKCMT  =         0.0000  VIRIAL  =         0.0000  VOLUME     =    250542.7302
                                                    Density    =         1.0091
 ------------------------------------------------------------------------------


 NSTEP =  3850000   TIME(PS) =    7800.000  TEMP(K) =   297.63  PRESS =     0.0
 Etot   =    -61669.8032  EKtot   =     15031.1367  EPtot      =    -76700.9400
 BOND   =       335.8705  ANGLE   =      1170.3004  DIHED      =      1390.7478
 1-4 NB =       425.2907  1-4 EEL =      4873.9018  VDWAALS    =      9877.1889
 EELEC  =    -94774.2400  EHBOND  =         0.0000  RESTRAINT  =         0.0000
 EKCMT  =         0.0000  VIRIAL  =         0.0000  VOLUME     =    250106.5182
                                                    Density    =         1.0108
 ------------------------------------------------------------------------------


 NSTEP =  3860000   TIME(PS) =    7820.000  TEMP(K) =   299.90  PRESS =     0.0
 Etot   =    -61368.1743  EKtot   =     15146.2432  EPtot      =    -76514.4174
 BOND   =       341.9386  ANGLE   =      1195.6014  DIHED      =      1404.4980
 1-4 NB =       411.9727  1-4 EEL =      4866.1543  VDWAALS    =      9740.3607
 EELEC  =    -94474.9432  EHBOND  =         0.0000  RESTRAINT  =         0.0000
 EKCMT  =         0.0000  VIRIAL  =         0.0000  VOLUME     =    250992.4320
                                                    Density    =         1.0073
 ------------------------------------------------------------------------------


 NSTEP =  3870000   TIME(PS) =    7840.000  TEMP(K) =   300.84  PRESS =     0.0
 Etot   =    -61328.8655  EKtot   =     15193.2783  EPtot      =    -76522.1438
 BOND   =       348.7045  ANGLE   =      1217.7029  DIHED      =      1391.6263
 1-4 NB =       434.1377  1-4 EEL =      4873.1924  VDWAALS    =     10122.4116
 EELEC  =    -94909.9193  EHBOND  =         0.0000  RESTRAINT  =         0.0000
 EKCMT  =         0.0000  VIRIAL  =         0.0000  VOLUME     =    248805.9394
                                                    Density    =         1.0161
 ------------------------------------------------------------------------------


 NSTEP =  3880000   TIME(PS) =    7860.000  TEMP(K) =   302.53  PRESS =     0.0
 Etot   =    -61100.3962  EKtot   =     15278.9844  EPtot      =    -76379.3806
 BOND   =       361.5882  ANGLE   =      1224.3170  DIHED      =      1381.9136
 1-4 NB =       408.5752  1-4 EEL =      4891.6420  VDWAALS    =      9885.3478
 EELEC  =    -94532.7643  EHBOND  =         0.0000  RESTRAINT  =         0.0000
 EKCMT  =         0.0000  VIRIAL  =         0.0000  VOLUME     =    250859.4620
                                                    Density    =         1.0078
 ------------------------------------------------------------------------------


 NSTEP =  3890000   TIME(PS) =    7880.000  TEMP(K) =   301.96  PRESS =     0.0
 Etot   =    -61200.5955  EKtot   =     15250.0596  EPtot      =    -76450.6550
 BOND   =       353.9758  ANGLE   =      1187.1342  DIHED      =      1400.9670
 1-4 NB =       424.5832  1-4 EEL =      4888.9100  VDWAALS    =      9931.9208
 EELEC  =    -94638.1461  EHBOND  =         0.0000  RESTRAINT  =         0.0000
 EKCMT  =         0.0000  VIRIAL  =         0.0000  VOLUME     =    250551.4661
                                                    Density    =         1.0090
 ------------------------------------------------------------------------------


 NSTEP =  3900000   TIME(PS) =    7900.000  TEMP(K) =   302.50  PRESS =     0.0
 Etot   =    -61066.4863  EKtot   =     15277.4453  EPtot      =    -76343.9317
 BOND   =       367.1920  ANGLE   =      1218.3535  DIHED      =      1399.7675
 1-4 NB =       422.8467  1-4 EEL =      4856.5907  VDWAALS    =     10062.8691
 EELEC  =    -94671.5512  EHBOND  =         0.0000  RESTRAINT  =         0.0000
 EKCMT  =         0.0000  VIRIAL  =         0.0000  VOLUME     =    250137.4480
                                                    Density    =         1.0107
 ------------------------------------------------------------------------------


 NSTEP =  3910000   TIME(PS) =    7920.000  TEMP(K) =   301.74  PRESS =     0.0
 Etot   =    -61432.7816  EKtot   =     15238.6807  EPtot      =    -76671.4623
 BOND   =       356.9124  ANGLE   =      1184.5832  DIHED      =      1403.4901
 1-4 NB =       415.3778  1-4 EEL =      4894.2672  VDWAALS    =     10150.6458
 EELEC  =    -95076.7387  EHBOND  =         0.0000  RESTRAINT  =         0.0000
 EKCMT  =         0.0000  VIRIAL  =         0.0000  VOLUME     =    250608.7109
                                                    Density    =         1.0088
 ------------------------------------------------------------------------------


 NSTEP =  3920000   TIME(PS) =    7940.000  TEMP(K) =   300.36  PRESS =     0.0
 Etot   =    -61311.3783  EKtot   =     15169.1602  EPtot      =    -76480.5384
 BOND   =       366.5688  ANGLE   =      1206.1341  DIHED      =      1411.5926
 1-4 NB =       406.6745  1-4 EEL =      4877.4024  VDWAALS    =      9839.8456
 EELEC  =    -94588.7564  EHBOND  =         0.0000  RESTRAINT  =         0.0000
 EKCMT  =         0.0000  VIRIAL  =         0.0000  VOLUME     =    250581.7767
                                                    Density    =         1.0089
 ------------------------------------------------------------------------------


 NSTEP =  3930000   TIME(PS) =    7960.000  TEMP(K) =   298.75  PRESS =     0.0
 Etot   =    -61385.0861  EKtot   =     15087.9355  EPtot      =    -76473.0216
 BOND   =       332.9062  ANGLE   =      1233.8260  DIHED      =      1409.1427
 1-4 NB =       422.0681  1-4 EEL =      4885.6608  VDWAALS    =      9822.2109
 EELEC  =    -94578.8365  EHBOND  =         0.0000  RESTRAINT  =         0.0000
 EKCMT  =         0.0000  VIRIAL  =         0.0000  VOLUME     =    249129.6118
                                                    Density    =         1.0148
 ------------------------------------------------------------------------------


 NSTEP =  3940000   TIME(PS) =    7980.000  TEMP(K) =   299.23  PRESS =     0.0
 Etot   =    -61347.0477  EKtot   =     15112.0391  EPtot      =    -76459.0867
 BOND   =       348.4695  ANGLE   =      1213.1684  DIHED      =      1376.5309
 1-4 NB =       419.2322  1-4 EEL =      4927.8859  VDWAALS    =      9940.6787
 EELEC  =    -94685.0524  EHBOND  =         0.0000  RESTRAINT  =         0.0000
 EKCMT  =         0.0000  VIRIAL  =         0.0000  VOLUME     =    250899.8274
                                                    Density    =         1.0076
 ------------------------------------------------------------------------------


 NSTEP =  3950000   TIME(PS) =    8000.000  TEMP(K) =   302.30  PRESS =     0.0
 Etot   =    -61296.5076  EKtot   =     15266.9912  EPtot      =    -76563.4988
 BOND   =       313.4962  ANGLE   =      1219.2027  DIHED      =      1386.1537
 1-4 NB =       414.7703  1-4 EEL =      4928.3371  VDWAALS    =      9725.7300
 EELEC  =    -94551.1888  EHBOND  =         0.0000  RESTRAINT  =         0.0000
 EKCMT  =         0.0000  VIRIAL  =         0.0000  VOLUME     =    250646.0733
                                                    Density    =         1.0087
 ------------------------------------------------------------------------------


 NSTEP =  3960000   TIME(PS) =    8020.000  TEMP(K) =   301.71  PRESS =     0.0
 Etot   =    -61157.4763  EKtot   =     15237.3975  EPtot      =    -76394.8737
 BOND   =       311.5246  ANGLE   =      1167.1474  DIHED      =      1376.5593
 1-4 NB =       439.5217  1-4 EEL =      4950.1121  VDWAALS    =     10017.9942
 EELEC  =    -94657.7330  EHBOND  =         0.0000  RESTRAINT  =         0.0000
 EKCMT  =         0.0000  VIRIAL  =         0.0000  VOLUME     =    251743.5239
                                                    Density    =         1.0043
 ------------------------------------------------------------------------------


 NSTEP =  3970000   TIME(PS) =    8040.000  TEMP(K) =   294.85  PRESS =     0.0
 Etot   =    -61651.4843  EKtot   =     14890.8916  EPtot      =    -76542.3759
 BOND   =       345.6606  ANGLE   =      1206.9399  DIHED      =      1397.3763
 1-4 NB =       429.2486  1-4 EEL =      4882.8045  VDWAALS    =      9926.8207
 EELEC  =    -94731.2266  EHBOND  =         0.0000  RESTRAINT  =         0.0000
 EKCMT  =         0.0000  VIRIAL  =         0.0000  VOLUME     =    249692.1764
                                                    Density    =         1.0125
 ------------------------------------------------------------------------------


 NSTEP =  3980000   TIME(PS) =    8060.000  TEMP(K) =   301.53  PRESS =     0.0
 Etot   =    -60902.9648  EKtot   =     15228.2070  EPtot      =    -76131.1718
 BOND   =       351.6381  ANGLE   =      1210.0079  DIHED      =      1382.7309
 1-4 NB =       423.6624  1-4 EEL =      4893.3877  VDWAALS    =      9570.1283
 EELEC  =    -93962.7273  EHBOND  =         0.0000  RESTRAINT  =         0.0000
 EKCMT  =         0.0000  VIRIAL  =         0.0000  VOLUME     =    252353.1359
                                                    Density    =         1.0018
 ------------------------------------------------------------------------------


 NSTEP =  3990000   TIME(PS) =    8080.000  TEMP(K) =   301.09  PRESS =     0.0
 Etot   =    -61590.5317  EKtot   =     15206.2666  EPtot      =    -76796.7984
 BOND   =       325.0813  ANGLE   =      1212.8330  DIHED      =      1403.1598
 1-4 NB =       434.2221  1-4 EEL =      4942.1491  VDWAALS    =      9948.5059
 EELEC  =    -95062.7495  EHBOND  =         0.0000  RESTRAINT  =         0.0000
 EKCMT  =         0.0000  VIRIAL  =         0.0000  VOLUME     =    250579.6731
                                                    Density    =         1.0089
 ------------------------------------------------------------------------------


 NSTEP =  4000000   TIME(PS) =    8100.000  TEMP(K) =   303.98  PRESS =     0.0
 Etot   =    -61335.9617  EKtot   =     15352.1250  EPtot      =    -76688.0867
 BOND   =       324.1696  ANGLE   =      1226.2556  DIHED      =      1394.0248
 1-4 NB =       436.3764  1-4 EEL =      4891.9864  VDWAALS    =      9772.4005
 EELEC  =    -94733.2999  EHBOND  =         0.0000  RESTRAINT  =         0.0000
 EKCMT  =         0.0000  VIRIAL  =         0.0000  VOLUME     =    250246.8027
                                                    Density    =         1.0103
 ------------------------------------------------------------------------------


 NSTEP =  4010000   TIME(PS) =    8120.000  TEMP(K) =   297.34  PRESS =     0.0
 Etot   =    -61477.9317  EKtot   =     15016.6855  EPtot      =    -76494.6173
 BOND   =       358.0011  ANGLE   =      1216.2012  DIHED      =      1365.6616
 1-4 NB =       409.5418  1-4 EEL =      4857.3652  VDWAALS    =     10046.4403
 EELEC  =    -94747.8285  EHBOND  =         0.0000  RESTRAINT  =         0.0000
 EKCMT  =         0.0000  VIRIAL  =         0.0000  VOLUME     =    250842.5811
                                                    Density    =         1.0079
 ------------------------------------------------------------------------------


 NSTEP =  4020000   TIME(PS) =    8140.000  TEMP(K) =   297.39  PRESS =     0.0
 Etot   =    -61398.7670  EKtot   =     15019.2334  EPtot      =    -76418.0004
 BOND   =       359.5766  ANGLE   =      1179.0496  DIHED      =      1380.0335
 1-4 NB =       435.7528  1-4 EEL =      4931.9340  VDWAALS    =      9988.3403
 EELEC  =    -94692.6873  EHBOND  =         0.0000  RESTRAINT  =         0.0000
 EKCMT  =         0.0000  VIRIAL  =         0.0000  VOLUME     =    250856.7793
                                                    Density    =         1.0078
 ------------------------------------------------------------------------------


 NSTEP =  4030000   TIME(PS) =    8160.000  TEMP(K) =   300.00  PRESS =     0.0
 Etot   =    -61358.1669  EKtot   =     15150.8926  EPtot      =    -76509.0595
 BOND   =       321.6797  ANGLE   =      1205.0108  DIHED      =      1398.9564
 1-4 NB =       415.1920  1-4 EEL =      4900.0174  VDWAALS    =      9905.6240
 EELEC  =    -94655.5399  EHBOND  =         0.0000  RESTRAINT  =         0.0000
 EKCMT  =         0.0000  VIRIAL  =         0.0000  VOLUME     =    251510.9826
                                                    Density    =         1.0052
 ------------------------------------------------------------------------------


 NSTEP =  4040000   TIME(PS) =    8180.000  TEMP(K) =   300.72  PRESS =     0.0
 Etot   =    -61106.0320  EKtot   =     15187.6387  EPtot      =    -76293.6707
 BOND   =       366.2423  ANGLE   =      1212.3320  DIHED      =      1386.9157
 1-4 NB =       423.2649  1-4 EEL =      4883.2127  VDWAALS    =      9806.7832
 EELEC  =    -94372.4214  EHBOND  =         0.0000  RESTRAINT  =         0.0000
 EKCMT  =         0.0000  VIRIAL  =         0.0000  VOLUME     =    251267.5689
                                                    Density    =         1.0062
 ------------------------------------------------------------------------------


 NSTEP =  4050000   TIME(PS) =    8200.000  TEMP(K) =   301.29  PRESS =     0.0
 Etot   =    -61240.8718  EKtot   =     15216.3564  EPtot      =    -76457.2283
 BOND   =       343.6441  ANGLE   =      1233.8555  DIHED      =      1402.8898
 1-4 NB =       437.4341  1-4 EEL =      4905.2451  VDWAALS    =      9702.6912
 EELEC  =    -94482.9881  EHBOND  =         0.0000  RESTRAINT  =         0.0000
 EKCMT  =         0.0000  VIRIAL  =         0.0000  VOLUME     =    250667.1314
                                                    Density    =         1.0086
 ------------------------------------------------------------------------------


 NSTEP =  4060000   TIME(PS) =    8220.000  TEMP(K) =   299.39  PRESS =     0.0
 Etot   =    -61394.6079  EKtot   =     15120.4893  EPtot      =    -76515.0971
 BOND   =       344.2563  ANGLE   =      1201.1134  DIHED      =      1372.0426
 1-4 NB =       427.9460  1-4 EEL =      4901.3391  VDWAALS    =      9850.0016
 EELEC  =    -94611.7962  EHBOND  =         0.0000  RESTRAINT  =         0.0000
 EKCMT  =         0.0000  VIRIAL  =         0.0000  VOLUME     =    251091.1048
                                                    Density    =         1.0069
 ------------------------------------------------------------------------------


 NSTEP =  4070000   TIME(PS) =    8240.000  TEMP(K) =   300.69  PRESS =     0.0
 Etot   =    -61212.9271  EKtot   =     15185.9023  EPtot      =    -76398.8294
 BOND   =       351.0620  ANGLE   =      1162.4629  DIHED      =      1389.1993
 1-4 NB =       423.6417  1-4 EEL =      4858.7241  VDWAALS    =      9876.8753
 EELEC  =    -94460.7947  EHBOND  =         0.0000  RESTRAINT  =         0.0000
 EKCMT  =         0.0000  VIRIAL  =         0.0000  VOLUME     =    251209.4877
                                                    Density    =         1.0064
 ------------------------------------------------------------------------------


 NSTEP =  4080000   TIME(PS) =    8260.000  TEMP(K) =   301.49  PRESS =     0.0
 Etot   =    -61459.2093  EKtot   =     15226.1875  EPtot      =    -76685.3968
 BOND   =       349.7464  ANGLE   =      1183.8313  DIHED      =      1387.0761
 1-4 NB =       431.8424  1-4 EEL =      4856.7193  VDWAALS    =      9920.6440
 EELEC  =    -94815.2562  EHBOND  =         0.0000  RESTRAINT  =         0.0000
 EKCMT  =         0.0000  VIRIAL  =         0.0000  VOLUME     =    249882.6341
                                                    Density    =         1.0117
 ------------------------------------------------------------------------------


 NSTEP =  4090000   TIME(PS) =    8280.000  TEMP(K) =   302.95  PRESS =     0.0
 Etot   =    -61271.7838  EKtot   =     15300.2646  EPtot      =    -76572.0484
 BOND   =       351.8211  ANGLE   =      1216.3494  DIHED      =      1377.7756
 1-4 NB =       412.1600  1-4 EEL =      4843.7433  VDWAALS    =      9840.8067
 EELEC  =    -94614.7046  EHBOND  =         0.0000  RESTRAINT  =         0.0000
 EKCMT  =         0.0000  VIRIAL  =         0.0000  VOLUME     =    249966.0056
                                                    Density    =         1.0114
 ------------------------------------------------------------------------------


 NSTEP =  4100000   TIME(PS) =    8300.000  TEMP(K) =   299.31  PRESS =     0.0
 Etot   =    -61183.4397  EKtot   =     15116.0703  EPtot      =    -76299.5101
 BOND   =       362.9561  ANGLE   =      1220.5313  DIHED      =      1381.2393
 1-4 NB =       434.5139  1-4 EEL =      4858.3262  VDWAALS    =      9780.4864
 EELEC  =    -94337.5633  EHBOND  =         0.0000  RESTRAINT  =         0.0000
 EKCMT  =         0.0000  VIRIAL  =         0.0000  VOLUME     =    250939.8891
                                                    Density    =         1.0075
 ------------------------------------------------------------------------------


 NSTEP =  4110000   TIME(PS) =    8320.000  TEMP(K) =   299.32  PRESS =     0.0
 Etot   =    -61385.2876  EKtot   =     15116.5850  EPtot      =    -76501.8726
 BOND   =       353.5881  ANGLE   =      1181.8590  DIHED      =      1407.4185
 1-4 NB =       412.5048  1-4 EEL =      4855.3097  VDWAALS    =     10054.8752
 EELEC  =    -94767.4278  EHBOND  =         0.0000  RESTRAINT  =         0.0000
 EKCMT  =         0.0000  VIRIAL  =         0.0000  VOLUME     =    250425.1363
                                                    Density    =         1.0095
 ------------------------------------------------------------------------------


 NSTEP =  4120000   TIME(PS) =    8340.000  TEMP(K) =   297.84  PRESS =     0.0
 Etot   =    -61326.0755  EKtot   =     15042.1357  EPtot      =    -76368.2112
 BOND   =       352.6696  ANGLE   =      1195.2931  DIHED      =      1382.4912
 1-4 NB =       417.4092  1-4 EEL =      4844.8057  VDWAALS    =      9964.3477
 EELEC  =    -94525.2276  EHBOND  =         0.0000  RESTRAINT  =         0.0000
 EKCMT  =         0.0000  VIRIAL  =         0.0000  VOLUME     =    251159.0143
                                                    Density    =         1.0066
 ------------------------------------------------------------------------------


 NSTEP =  4130000   TIME(PS) =    8360.000  TEMP(K) =   302.16  PRESS =     0.0
 Etot   =    -61252.9271  EKtot   =     15260.1455  EPtot      =    -76513.0726
 BOND   =       351.4894  ANGLE   =      1201.3336  DIHED      =      1389.8062
 1-4 NB =       418.8009  1-4 EEL =      4911.4293  VDWAALS    =      9939.0435
 EELEC  =    -94724.9755  EHBOND  =         0.0000  RESTRAINT  =         0.0000
 EKCMT  =         0.0000  VIRIAL  =         0.0000  VOLUME     =    250486.0161
                                                    Density    =         1.0093
 ------------------------------------------------------------------------------


 NSTEP =  4140000   TIME(PS) =    8380.000  TEMP(K) =   298.11  PRESS =     0.0
 Etot   =    -61219.1346  EKtot   =     15055.5156  EPtot      =    -76274.6502
 BOND   =       357.8208  ANGLE   =      1194.4064  DIHED      =      1386.2853
 1-4 NB =       423.0665  1-4 EEL =      4855.6131  VDWAALS    =      9749.1727
 EELEC  =    -94241.0148  EHBOND  =         0.0000  RESTRAINT  =         0.0000
 EKCMT  =         0.0000  VIRIAL  =         0.0000  VOLUME     =    250846.2279
                                                    Density    =         1.0078
 ------------------------------------------------------------------------------


 NSTEP =  4150000   TIME(PS) =    8400.000  TEMP(K) =   301.69  PRESS =     0.0
 Etot   =    -61220.2091  EKtot   =     15236.6309  EPtot      =    -76456.8400
 BOND   =       363.5544  ANGLE   =      1253.9469  DIHED      =      1398.6776
 1-4 NB =       423.3488  1-4 EEL =      4830.8755  VDWAALS    =      9843.6250
 EELEC  =    -94570.8682  EHBOND  =         0.0000  RESTRAINT  =         0.0000
 EKCMT  =         0.0000  VIRIAL  =         0.0000  VOLUME     =    250851.3217
                                                    Density    =         1.0078
 ------------------------------------------------------------------------------


 NSTEP =  4160000   TIME(PS) =    8420.000  TEMP(K) =   302.10  PRESS =     0.0
 Etot   =    -61104.3337  EKtot   =     15257.1621  EPtot      =    -76361.4958
 BOND   =       367.0348  ANGLE   =      1212.0828  DIHED      =      1368.7088
 1-4 NB =       413.1402  1-4 EEL =      4870.5162  VDWAALS    =     10037.3488
 EELEC  =    -94630.3275  EHBOND  =         0.0000  RESTRAINT  =         0.0000
 EKCMT  =         0.0000  VIRIAL  =         0.0000  VOLUME     =    249950.1963
                                                    Density    =         1.0115
 ------------------------------------------------------------------------------


 NSTEP =  4170000   TIME(PS) =    8440.000  TEMP(K) =   301.54  PRESS =     0.0
 Etot   =    -61124.0108  EKtot   =     15228.7119  EPtot      =    -76352.7227
 BOND   =       351.9189  ANGLE   =      1232.2522  DIHED      =      1398.5716
 1-4 NB =       426.2282  1-4 EEL =      4819.6525  VDWAALS    =      9856.2222
 EELEC  =    -94437.5684  EHBOND  =         0.0000  RESTRAINT  =         0.0000
 EKCMT  =         0.0000  VIRIAL  =         0.0000  VOLUME     =    250705.6778
                                                    Density    =         1.0084
 ------------------------------------------------------------------------------


 NSTEP =  4180000   TIME(PS) =    8460.000  TEMP(K) =   296.74  PRESS =     0.0
 Etot   =    -61550.3414  EKtot   =     14986.6025  EPtot      =    -76536.9439
 BOND   =       346.8538  ANGLE   =      1173.3635  DIHED      =      1396.2773
 1-4 NB =       424.4458  1-4 EEL =      4845.4116  VDWAALS    =      9837.8610
 EELEC  =    -94561.1570  EHBOND  =         0.0000  RESTRAINT  =         0.0000
 EKCMT  =         0.0000  VIRIAL  =         0.0000  VOLUME     =    251587.6641
                                                    Density    =         1.0049
 ------------------------------------------------------------------------------


 NSTEP =  4190000   TIME(PS) =    8480.000  TEMP(K) =   299.03  PRESS =     0.0
 Etot   =    -61442.3030  EKtot   =     15102.0898  EPtot      =    -76544.3928
 BOND   =       331.2549  ANGLE   =      1162.6590  DIHED      =      1395.0124
 1-4 NB =       440.4608  1-4 EEL =      4911.1923  VDWAALS    =      9877.9173
 EELEC  =    -94662.8895  EHBOND  =         0.0000  RESTRAINT  =         0.0000
 EKCMT  =         0.0000  VIRIAL  =         0.0000  VOLUME     =    250538.9988
                                                    Density    =         1.0091
 ------------------------------------------------------------------------------


 NSTEP =  4200000   TIME(PS) =    8500.000  TEMP(K) =   298.92  PRESS =     0.0
 Etot   =    -61343.4607  EKtot   =     15096.7207  EPtot      =    -76440.1814
 BOND   =       342.5060  ANGLE   =      1202.3461  DIHED      =      1405.5021
 1-4 NB =       425.5932  1-4 EEL =      4870.6058  VDWAALS    =      9877.2767
 EELEC  =    -94564.0112  EHBOND  =         0.0000  RESTRAINT  =         0.0000
 EKCMT  =         0.0000  VIRIAL  =         0.0000  VOLUME     =    250203.2161
                                                    Density    =         1.0104
 ------------------------------------------------------------------------------


 NSTEP =  4210000   TIME(PS) =    8520.000  TEMP(K) =   303.12  PRESS =     0.0
 Etot   =    -61143.1551  EKtot   =     15308.4287  EPtot      =    -76451.5838
 BOND   =       338.7016  ANGLE   =      1237.9538  DIHED      =      1395.1300
 1-4 NB =       436.3342  1-4 EEL =      4850.7110  VDWAALS    =      9920.6578
 EELEC  =    -94631.0723  EHBOND  =         0.0000  RESTRAINT  =         0.0000
 EKCMT  =         0.0000  VIRIAL  =         0.0000  VOLUME     =    251296.6795
                                                    Density    =         1.0060
 ------------------------------------------------------------------------------


 NSTEP =  4220000   TIME(PS) =    8540.000  TEMP(K) =   300.44  PRESS =     0.0
 Etot   =    -61372.3241  EKtot   =     15173.4814  EPtot      =    -76545.8055
 BOND   =       359.8463  ANGLE   =      1234.4815  DIHED      =      1391.9402
 1-4 NB =       424.4682  1-4 EEL =      4827.0734  VDWAALS    =      9998.2585
 EELEC  =    -94781.8736  EHBOND  =         0.0000  RESTRAINT  =         0.0000
 EKCMT  =         0.0000  VIRIAL  =         0.0000  VOLUME     =    250668.8510
                                                    Density    =         1.0086
 ------------------------------------------------------------------------------


 NSTEP =  4230000   TIME(PS) =    8560.000  TEMP(K) =   300.03  PRESS =     0.0
 Etot   =    -61349.2546  EKtot   =     15152.7549  EPtot      =    -76502.0095
 BOND   =       356.6675  ANGLE   =      1209.5577  DIHED      =      1402.6729
 1-4 NB =       411.5560  1-4 EEL =      4844.9997  VDWAALS    =      9718.6691
 EELEC  =    -94446.1324  EHBOND  =         0.0000  RESTRAINT  =         0.0000
 EKCMT  =         0.0000  VIRIAL  =         0.0000  VOLUME     =    251545.8956
                                                    Density    =         1.0050
 ------------------------------------------------------------------------------


 NSTEP =  4240000   TIME(PS) =    8580.000  TEMP(K) =   298.94  PRESS =     0.0
 Etot   =    -61429.9633  EKtot   =     15097.2812  EPtot      =    -76527.2445
 BOND   =       363.1031  ANGLE   =      1190.2554  DIHED      =      1385.3138
 1-4 NB =       420.6093  1-4 EEL =      4863.7899  VDWAALS    =      9982.4371
 EELEC  =    -94732.7531  EHBOND  =         0.0000  RESTRAINT  =         0.0000
 EKCMT  =         0.0000  VIRIAL  =         0.0000  VOLUME     =    250871.6031
                                                    Density    =         1.0077
 ------------------------------------------------------------------------------


 NSTEP =  4250000   TIME(PS) =    8600.000  TEMP(K) =   298.42  PRESS =     0.0
 Etot   =    -61258.2330  EKtot   =     15071.0020  EPtot      =    -76329.2349
 BOND   =       341.6499  ANGLE   =      1239.1134  DIHED      =      1399.1205
 1-4 NB =       424.6858  1-4 EEL =      4901.2660  VDWAALS    =     10081.7508
 EELEC  =    -94716.8213  EHBOND  =         0.0000  RESTRAINT  =         0.0000
 EKCMT  =         0.0000  VIRIAL  =         0.0000  VOLUME     =    251167.8049
                                                    Density    =         1.0066
 ------------------------------------------------------------------------------


 NSTEP =  4260000   TIME(PS) =    8620.000  TEMP(K) =   298.91  PRESS =     0.0
 Etot   =    -61327.8801  EKtot   =     15095.8057  EPtot      =    -76423.6857
 BOND   =       353.2666  ANGLE   =      1179.1758  DIHED      =      1385.9016
 1-4 NB =       447.1565  1-4 EEL =      4931.4895  VDWAALS    =      9915.5823
 EELEC  =    -94636.2579  EHBOND  =         0.0000  RESTRAINT  =         0.0000
 EKCMT  =         0.0000  VIRIAL  =         0.0000  VOLUME     =    251317.5831
                                                    Density    =         1.0060
 ------------------------------------------------------------------------------


 NSTEP =  4270000   TIME(PS) =    8640.000  TEMP(K) =   301.23  PRESS =     0.0
 Etot   =    -61276.3323  EKtot   =     15213.1855  EPtot      =    -76489.5179
 BOND   =       332.7535  ANGLE   =      1248.9142  DIHED      =      1407.6128
 1-4 NB =       436.7252  1-4 EEL =      4889.8864  VDWAALS    =     10031.8695
 EELEC  =    -94837.2794  EHBOND  =         0.0000  RESTRAINT  =         0.0000
 EKCMT  =         0.0000  VIRIAL  =         0.0000  VOLUME     =    251226.1515
                                                    Density    =         1.0063
 ------------------------------------------------------------------------------


 NSTEP =  4280000   TIME(PS) =    8660.000  TEMP(K) =   299.23  PRESS =     0.0
 Etot   =    -61142.2396  EKtot   =     15112.0938  EPtot      =    -76254.3334
 BOND   =       364.5584  ANGLE   =      1187.2609  DIHED      =      1385.4247
 1-4 NB =       435.9394  1-4 EEL =      4848.4086  VDWAALS    =      9705.3042
 EELEC  =    -94181.2295  EHBOND  =         0.0000  RESTRAINT  =         0.0000
 EKCMT  =         0.0000  VIRIAL  =         0.0000  VOLUME     =    251017.1982
                                                    Density    =         1.0072
 ------------------------------------------------------------------------------


 NSTEP =  4290000   TIME(PS) =    8680.000  TEMP(K) =   296.20  PRESS =     0.0
 Etot   =    -61238.4948  EKtot   =     14959.1670  EPtot      =    -76197.6618
 BOND   =       376.8020  ANGLE   =      1215.5024  DIHED      =      1394.3969
 1-4 NB =       432.8533  1-4 EEL =      4891.4960  VDWAALS    =      9605.2327
 EELEC  =    -94113.9451  EHBOND  =         0.0000  RESTRAINT  =         0.0000
 EKCMT  =         0.0000  VIRIAL  =         0.0000  VOLUME     =    251762.9491
                                                    Density    =         1.0042
 ------------------------------------------------------------------------------


 NSTEP =  4300000   TIME(PS) =    8700.000  TEMP(K) =   302.19  PRESS =     0.0
 Etot   =    -61107.4178  EKtot   =     15261.6416  EPtot      =    -76369.0594
 BOND   =       371.8930  ANGLE   =      1225.4896  DIHED      =      1385.6208
 1-4 NB =       420.1656  1-4 EEL =      4824.8898  VDWAALS    =      9816.4784
 EELEC  =    -94413.5966  EHBOND  =         0.0000  RESTRAINT  =         0.0000
 EKCMT  =         0.0000  VIRIAL  =         0.0000  VOLUME     =    251150.4326
                                                    Density    =         1.0066
 ------------------------------------------------------------------------------


 NSTEP =  4310000   TIME(PS) =    8720.000  TEMP(K) =   300.03  PRESS =     0.0
 Etot   =    -61256.9429  EKtot   =     15152.3467  EPtot      =    -76409.2896
 BOND   =       346.6648  ANGLE   =      1233.7561  DIHED      =      1373.6601
 1-4 NB =       433.9304  1-4 EEL =      4893.2321  VDWAALS    =      9747.3227
 EELEC  =    -94437.8557  EHBOND  =         0.0000  RESTRAINT  =         0.0000
 EKCMT  =         0.0000  VIRIAL  =         0.0000  VOLUME     =    250323.4989
                                                    Density    =         1.0099
 ------------------------------------------------------------------------------


 NSTEP =  4320000   TIME(PS) =    8740.000  TEMP(K) =   301.99  PRESS =     0.0
 Etot   =    -61166.0386  EKtot   =     15251.3564  EPtot      =    -76417.3950
 BOND   =       350.9483  ANGLE   =      1204.1290  DIHED      =      1374.4229
 1-4 NB =       408.0483  1-4 EEL =      4843.9976  VDWAALS    =     10039.5143
 EELEC  =    -94638.4555  EHBOND  =         0.0000  RESTRAINT  =         0.0000
 EKCMT  =         0.0000  VIRIAL  =         0.0000  VOLUME     =    251199.3761
                                                    Density    =         1.0064
 ------------------------------------------------------------------------------


 NSTEP =  4330000   TIME(PS) =    8760.000  TEMP(K) =   298.70  PRESS =     0.0
 Etot   =    -61463.3786  EKtot   =     15085.1689  EPtot      =    -76548.5475
 BOND   =       364.3010  ANGLE   =      1208.6667  DIHED      =      1377.1243
 1-4 NB =       433.5658  1-4 EEL =      4869.3023  VDWAALS    =      9983.2232
 EELEC  =    -94784.7308  EHBOND  =         0.0000  RESTRAINT  =         0.0000
 EKCMT  =         0.0000  VIRIAL  =         0.0000  VOLUME     =    249923.3458
                                                    Density    =         1.0116
 ------------------------------------------------------------------------------


 NSTEP =  4340000   TIME(PS) =    8780.000  TEMP(K) =   300.34  PRESS =     0.0
 Etot   =    -61406.6708  EKtot   =     15168.3623  EPtot      =    -76575.0331
 BOND   =       354.1142  ANGLE   =      1200.6789  DIHED      =      1375.9354
 1-4 NB =       414.5100  1-4 EEL =      4846.3155  VDWAALS    =      9829.8706
 EELEC  =    -94596.4578  EHBOND  =         0.0000  RESTRAINT  =         0.0000
 EKCMT  =         0.0000  VIRIAL  =         0.0000  VOLUME     =    250971.8563
                                                    Density    =         1.0073
 ------------------------------------------------------------------------------


 NSTEP =  4350000   TIME(PS) =    8800.000  TEMP(K) =   300.27  PRESS =     0.0
 Etot   =    -61293.6813  EKtot   =     15164.4854  EPtot      =    -76458.1667
 BOND   =       319.7053  ANGLE   =      1207.6852  DIHED      =      1377.8258
 1-4 NB =       423.3190  1-4 EEL =      4885.1140  VDWAALS    =      9567.4968
 EELEC  =    -94239.3127  EHBOND  =         0.0000  RESTRAINT  =         0.0000
 EKCMT  =         0.0000  VIRIAL  =         0.0000  VOLUME     =    250959.9789
                                                    Density    =         1.0074
 ------------------------------------------------------------------------------


 NSTEP =  4360000   TIME(PS) =    8820.000  TEMP(K) =   302.08  PRESS =     0.0
 Etot   =    -61333.6791  EKtot   =     15256.1318  EPtot      =    -76589.8109
 BOND   =       366.9131  ANGLE   =      1225.3497  DIHED      =      1401.9256
 1-4 NB =       430.5195  1-4 EEL =      4858.9936  VDWAALS    =      9791.6104
 EELEC  =    -94665.1229  EHBOND  =         0.0000  RESTRAINT  =         0.0000
 EKCMT  =         0.0000  VIRIAL  =         0.0000  VOLUME     =    250529.4080
                                                    Density    =         1.0091
 ------------------------------------------------------------------------------


 NSTEP =  4370000   TIME(PS) =    8840.000  TEMP(K) =   298.20  PRESS =     0.0
 Etot   =    -61460.6289  EKtot   =     15060.1396  EPtot      =    -76520.7685
 BOND   =       345.1546  ANGLE   =      1178.0618  DIHED      =      1395.0035
 1-4 NB =       432.1053  1-4 EEL =      4892.4933  VDWAALS    =      9771.8879
 EELEC  =    -94535.4748  EHBOND  =         0.0000  RESTRAINT  =         0.0000
 EKCMT  =         0.0000  VIRIAL  =         0.0000  VOLUME     =    251278.0735
                                                    Density    =         1.0061
 ------------------------------------------------------------------------------


 NSTEP =  4380000   TIME(PS) =    8860.000  TEMP(K) =   296.93  PRESS =     0.0
 Etot   =    -61258.3909  EKtot   =     14996.1826  EPtot      =    -76254.5735
 BOND   =       371.8343  ANGLE   =      1227.8809  DIHED      =      1378.9224
 1-4 NB =       424.0864  1-4 EEL =      4796.3747  VDWAALS    =      9781.5931
 EELEC  =    -94235.2653  EHBOND  =         0.0000  RESTRAINT  =         0.0000
 EKCMT  =         0.0000  VIRIAL  =         0.0000  VOLUME     =    250176.7147
                                                    Density    =         1.0105
 ------------------------------------------------------------------------------


 NSTEP =  4390000   TIME(PS) =    8880.000  TEMP(K) =   296.11  PRESS =     0.0
 Etot   =    -61408.2364  EKtot   =     14954.7744  EPtot      =    -76363.0108
 BOND   =       357.8550  ANGLE   =      1211.4651  DIHED      =      1381.5784
 1-4 NB =       421.2715  1-4 EEL =      4879.9486  VDWAALS    =      9786.1811
 EELEC  =    -94401.3104  EHBOND  =         0.0000  RESTRAINT  =         0.0000
 EKCMT  =         0.0000  VIRIAL  =         0.0000  VOLUME     =    251588.3805
                                                    Density    =         1.0049
 ------------------------------------------------------------------------------


 NSTEP =  4400000   TIME(PS) =    8900.000  TEMP(K) =   301.42  PRESS =     0.0
 Etot   =    -61329.6157  EKtot   =     15222.5166  EPtot      =    -76552.1323
 BOND   =       371.1410  ANGLE   =      1195.4042  DIHED      =      1375.0571
 1-4 NB =       404.1859  1-4 EEL =      4860.8444  VDWAALS    =      9907.5249
 EELEC  =    -94666.2898  EHBOND  =         0.0000  RESTRAINT  =         0.0000
 EKCMT  =         0.0000  VIRIAL  =         0.0000  VOLUME     =    250158.7714
                                                    Density    =         1.0106
 ------------------------------------------------------------------------------


 NSTEP =  4410000   TIME(PS) =    8920.000  TEMP(K) =   301.32  PRESS =     0.0
 Etot   =    -61339.0739  EKtot   =     15217.6523  EPtot      =    -76556.7262
 BOND   =       357.4779  ANGLE   =      1255.2136  DIHED      =      1388.5541
 1-4 NB =       418.3084  1-4 EEL =      4856.5209  VDWAALS    =     10086.5952
 EELEC  =    -94919.3962  EHBOND  =         0.0000  RESTRAINT  =         0.0000
 EKCMT  =         0.0000  VIRIAL  =         0.0000  VOLUME     =    252110.7674
                                                    Density    =         1.0028
 ------------------------------------------------------------------------------


 NSTEP =  4420000   TIME(PS) =    8940.000  TEMP(K) =   299.87  PRESS =     0.0
 Etot   =    -61393.2680  EKtot   =     15144.6357  EPtot      =    -76537.9037
 BOND   =       329.0586  ANGLE   =      1228.2351  DIHED      =      1398.7195
 1-4 NB =       412.3096  1-4 EEL =      4841.8002  VDWAALS    =      9846.4495
 EELEC  =    -94594.4763  EHBOND  =         0.0000  RESTRAINT  =         0.0000
 EKCMT  =         0.0000  VIRIAL  =         0.0000  VOLUME     =    250929.9577
                                                    Density    =         1.0075
 ------------------------------------------------------------------------------


 NSTEP =  4430000   TIME(PS) =    8960.000  TEMP(K) =   298.26  PRESS =     0.0
 Etot   =    -61567.7723  EKtot   =     15063.3818  EPtot      =    -76631.1541
 BOND   =       358.2465  ANGLE   =      1208.9574  DIHED      =      1384.0304
 1-4 NB =       422.5560  1-4 EEL =      4899.3909  VDWAALS    =      9899.7962
 EELEC  =    -94804.1316  EHBOND  =         0.0000  RESTRAINT  =         0.0000
 EKCMT  =         0.0000  VIRIAL  =         0.0000  VOLUME     =    250094.7853
                                                    Density    =         1.0109
 ------------------------------------------------------------------------------


 NSTEP =  4440000   TIME(PS) =    8980.000  TEMP(K) =   301.42  PRESS =     0.0
 Etot   =    -61200.3922  EKtot   =     15222.9014  EPtot      =    -76423.2935
 BOND   =       356.7569  ANGLE   =      1221.7774  DIHED      =      1360.0050
 1-4 NB =       419.4292  1-4 EEL =      4862.5037  VDWAALS    =      9973.4701
 EELEC  =    -94617.2359  EHBOND  =         0.0000  RESTRAINT  =         0.0000
 EKCMT  =         0.0000  VIRIAL  =         0.0000  VOLUME     =    251342.0906
                                                    Density    =         1.0059
 ------------------------------------------------------------------------------


 NSTEP =  4450000   TIME(PS) =    9000.000  TEMP(K) =   298.39  PRESS =     0.0
 Etot   =    -61534.0744  EKtot   =     15069.7236  EPtot      =    -76603.7980
 BOND   =       376.7709  ANGLE   =      1169.1476  DIHED      =      1386.4878
 1-4 NB =       420.8975  1-4 EEL =      4855.9376  VDWAALS    =     10042.9674
 EELEC  =    -94856.0067  EHBOND  =         0.0000  RESTRAINT  =         0.0000
 EKCMT  =         0.0000  VIRIAL  =         0.0000  VOLUME     =    250832.9968
                                                    Density    =         1.0079
 ------------------------------------------------------------------------------


 NSTEP =  4460000   TIME(PS) =    9020.000  TEMP(K) =   299.56  PRESS =     0.0
 Etot   =    -61313.3034  EKtot   =     15128.6572  EPtot      =    -76441.9606
 BOND   =       360.0551  ANGLE   =      1173.2790  DIHED      =      1386.6860
 1-4 NB =       426.3796  1-4 EEL =      4832.9253  VDWAALS    =      9965.3477
 EELEC  =    -94586.6335  EHBOND  =         0.0000  RESTRAINT  =         0.0000
 EKCMT  =         0.0000  VIRIAL  =         0.0000  VOLUME     =    251307.5996
                                                    Density    =         1.0060
 ------------------------------------------------------------------------------


 NSTEP =  4470000   TIME(PS) =    9040.000  TEMP(K) =   297.91  PRESS =     0.0
 Etot   =    -61461.1081  EKtot   =     15045.4473  EPtot      =    -76506.5554
 BOND   =       354.1854  ANGLE   =      1238.7382  DIHED      =      1399.2923
 1-4 NB =       414.5258  1-4 EEL =      4902.0529  VDWAALS    =      9838.3610
 EELEC  =    -94653.7109  EHBOND  =         0.0000  RESTRAINT  =         0.0000
 EKCMT  =         0.0000  VIRIAL  =         0.0000  VOLUME     =    250800.0114
                                                    Density    =         1.0080
 ------------------------------------------------------------------------------


 NSTEP =  4480000   TIME(PS) =    9060.000  TEMP(K) =   302.21  PRESS =     0.0
 Etot   =    -61167.5164  EKtot   =     15262.5342  EPtot      =    -76430.0506
 BOND   =       353.9355  ANGLE   =      1198.4479  DIHED      =      1390.1677
 1-4 NB =       431.7026  1-4 EEL =      4862.5161  VDWAALS    =      9815.5951
 EELEC  =    -94482.4155  EHBOND  =         0.0000  RESTRAINT  =         0.0000
 EKCMT  =         0.0000  VIRIAL  =         0.0000  VOLUME     =    249368.9871
                                                    Density    =         1.0138
 ------------------------------------------------------------------------------


 NSTEP =  4490000   TIME(PS) =    9080.000  TEMP(K) =   298.32  PRESS =     0.0
 Etot   =    -61376.7939  EKtot   =     15066.4160  EPtot      =    -76443.2099
 BOND   =       364.8883  ANGLE   =      1213.8273  DIHED      =      1382.8276
 1-4 NB =       406.8657  1-4 EEL =      4901.1386  VDWAALS    =      9846.1844
 EELEC  =    -94558.9417  EHBOND  =         0.0000  RESTRAINT  =         0.0000
 EKCMT  =         0.0000  VIRIAL  =         0.0000  VOLUME     =    251498.4730
                                                    Density    =         1.0052
 ------------------------------------------------------------------------------


 NSTEP =  4500000   TIME(PS) =    9100.000  TEMP(K) =   296.71  PRESS =     0.0
 Etot   =    -61628.3424  EKtot   =     14984.7861  EPtot      =    -76613.1285
 BOND   =       348.5538  ANGLE   =      1234.0501  DIHED      =      1386.4676
 1-4 NB =       430.1843  1-4 EEL =      4832.3763  VDWAALS    =      9822.3176
 EELEC  =    -94667.0782  EHBOND  =         0.0000  RESTRAINT  =         0.0000
 EKCMT  =         0.0000  VIRIAL  =         0.0000  VOLUME     =    250167.3148
                                                    Density    =         1.0106
 ------------------------------------------------------------------------------


 NSTEP =  4510000   TIME(PS) =    9120.000  TEMP(K) =   297.75  PRESS =     0.0
 Etot   =    -61197.8282  EKtot   =     15037.3799  EPtot      =    -76235.2080
 BOND   =       364.4552  ANGLE   =      1213.0609  DIHED      =      1391.3845
 1-4 NB =       451.0367  1-4 EEL =      4879.6831  VDWAALS    =      9732.6997
 EELEC  =    -94267.5282  EHBOND  =         0.0000  RESTRAINT  =         0.0000
 EKCMT  =         0.0000  VIRIAL  =         0.0000  VOLUME     =    250504.7102
                                                    Density    =         1.0092
 ------------------------------------------------------------------------------


 NSTEP =  4520000   TIME(PS) =    9140.000  TEMP(K) =   299.75  PRESS =     0.0
 Etot   =    -61469.8601  EKtot   =     15138.2480  EPtot      =    -76608.1081
 BOND   =       343.4987  ANGLE   =      1207.0596  DIHED      =      1364.4646
 1-4 NB =       415.6650  1-4 EEL =      4864.0721  VDWAALS    =     10139.9332
 EELEC  =    -94942.8013  EHBOND  =         0.0000  RESTRAINT  =         0.0000
 EKCMT  =         0.0000  VIRIAL  =         0.0000  VOLUME     =    249895.2363
                                                    Density    =         1.0117
 ------------------------------------------------------------------------------


 NSTEP =  4530000   TIME(PS) =    9160.000  TEMP(K) =   294.76  PRESS =     0.0
 Etot   =    -61801.0284  EKtot   =     14886.6348  EPtot      =    -76687.6631
 BOND   =       313.6522  ANGLE   =      1200.3133  DIHED      =      1401.1818
 1-4 NB =       438.8329  1-4 EEL =      4907.3102  VDWAALS    =      9800.0093
 EELEC  =    -94748.9628  EHBOND  =         0.0000  RESTRAINT  =         0.0000
 EKCMT  =         0.0000  VIRIAL  =         0.0000  VOLUME     =    249394.1894
                                                    Density    =         1.0137
 ------------------------------------------------------------------------------


 NSTEP =  4540000   TIME(PS) =    9180.000  TEMP(K) =   300.33  PRESS =     0.0
 Etot   =    -61324.3299  EKtot   =     15167.7021  EPtot      =    -76492.0320
 BOND   =       343.5852  ANGLE   =      1208.7458  DIHED      =      1381.7254
 1-4 NB =       412.0829  1-4 EEL =      4849.7593  VDWAALS    =     10113.3461
 EELEC  =    -94801.2767  EHBOND  =         0.0000  RESTRAINT  =         0.0000
 EKCMT  =         0.0000  VIRIAL  =         0.0000  VOLUME     =    250909.7049
                                                    Density    =         1.0076
 ------------------------------------------------------------------------------


 NSTEP =  4550000   TIME(PS) =    9200.000  TEMP(K) =   302.63  PRESS =     0.0
 Etot   =    -61097.2373  EKtot   =     15283.9150  EPtot      =    -76381.1523
 BOND   =       352.4558  ANGLE   =      1227.8090  DIHED      =      1374.8986
 1-4 NB =       438.9920  1-4 EEL =      4884.5714  VDWAALS    =      9968.1797
 EELEC  =    -94628.0588  EHBOND  =         0.0000  RESTRAINT  =         0.0000
 EKCMT  =         0.0000  VIRIAL  =         0.0000  VOLUME     =    250285.5483
                                                    Density    =         1.0101
 ------------------------------------------------------------------------------


 NSTEP =  4560000   TIME(PS) =    9220.000  TEMP(K) =   298.56  PRESS =     0.0
 Etot   =    -61255.7913  EKtot   =     15078.1484  EPtot      =    -76333.9398
 BOND   =       335.8854  ANGLE   =      1230.2187  DIHED      =      1385.7140
 1-4 NB =       429.8167  1-4 EEL =      4864.2734  VDWAALS    =      9787.6496
 EELEC  =    -94367.4976  EHBOND  =         0.0000  RESTRAINT  =         0.0000
 EKCMT  =         0.0000  VIRIAL  =         0.0000  VOLUME     =    251155.6011
                                                    Density    =         1.0066
 ------------------------------------------------------------------------------


 NSTEP =  4570000   TIME(PS) =    9240.000  TEMP(K) =   302.58  PRESS =     0.0
 Etot   =    -61366.9259  EKtot   =     15281.5410  EPtot      =    -76648.4669
 BOND   =       340.3176  ANGLE   =      1174.0541  DIHED      =      1394.1833
 1-4 NB =       433.3676  1-4 EEL =      4869.8400  VDWAALS    =     10235.8222
 EELEC  =    -95096.0516  EHBOND  =         0.0000  RESTRAINT  =         0.0000
 EKCMT  =         0.0000  VIRIAL  =         0.0000  VOLUME     =    249784.4898
                                                    Density    =         1.0121
 ------------------------------------------------------------------------------


 NSTEP =  4580000   TIME(PS) =    9260.000  TEMP(K) =   302.34  PRESS =     0.0
 Etot   =    -60942.8081  EKtot   =     15269.0098  EPtot      =    -76211.8179
 BOND   =       341.0069  ANGLE   =      1234.6209  DIHED      =      1383.3938
 1-4 NB =       430.6415  1-4 EEL =      4866.6731  VDWAALS    =      9798.2492
 EELEC  =    -94266.4031  EHBOND  =         0.0000  RESTRAINT  =         0.0000
 EKCMT  =         0.0000  VIRIAL  =         0.0000  VOLUME     =    250044.5052
                                                    Density    =         1.0111
 ------------------------------------------------------------------------------


 NSTEP =  4590000   TIME(PS) =    9280.000  TEMP(K) =   301.33  PRESS =     0.0
 Etot   =    -61155.1432  EKtot   =     15218.4463  EPtot      =    -76373.5895
 BOND   =       344.0350  ANGLE   =      1207.2815  DIHED      =      1381.7381
 1-4 NB =       428.3035  1-4 EEL =      4866.4722  VDWAALS    =      9637.9527
 EELEC  =    -94239.3724  EHBOND  =         0.0000  RESTRAINT  =         0.0000
 EKCMT  =         0.0000  VIRIAL  =         0.0000  VOLUME     =    250176.2313
                                                    Density    =         1.0105
 ------------------------------------------------------------------------------


 NSTEP =  4600000   TIME(PS) =    9300.000  TEMP(K) =   302.45  PRESS =     0.0
 Etot   =    -60872.4953  EKtot   =     15274.5938  EPtot      =    -76147.0890
 BOND   =       352.4438  ANGLE   =      1221.4093  DIHED      =      1369.6425
 1-4 NB =       412.3837  1-4 EEL =      4852.1615  VDWAALS    =      9796.8614
 EELEC  =    -94151.9913  EHBOND  =         0.0000  RESTRAINT  =         0.0000
 EKCMT  =         0.0000  VIRIAL  =         0.0000  VOLUME     =    251739.7179
                                                    Density    =         1.0043
 ------------------------------------------------------------------------------


 NSTEP =  4610000   TIME(PS) =    9320.000  TEMP(K) =   298.72  PRESS =     0.0
 Etot   =    -61096.2695  EKtot   =     15086.2305  EPtot      =    -76182.5000
 BOND   =       338.9273  ANGLE   =      1252.1832  DIHED      =      1403.8243
 1-4 NB =       418.2114  1-4 EEL =      4828.6468  VDWAALS    =      9834.5334
 EELEC  =    -94258.8264  EHBOND  =         0.0000  RESTRAINT  =         0.0000
 EKCMT  =         0.0000  VIRIAL  =         0.0000  VOLUME     =    250912.7841
                                                    Density    =         1.0076
 ------------------------------------------------------------------------------


 NSTEP =  4620000   TIME(PS) =    9340.000  TEMP(K) =   298.82  PRESS =     0.0
 Etot   =    -61130.1513  EKtot   =     15091.4688  EPtot      =    -76221.6201
 BOND   =       332.1664  ANGLE   =      1179.0928  DIHED      =      1381.3058
 1-4 NB =       422.3535  1-4 EEL =      4851.0407  VDWAALS    =      9748.2014
 EELEC  =    -94135.7806  EHBOND  =         0.0000  RESTRAINT  =         0.0000
 EKCMT  =         0.0000  VIRIAL  =         0.0000  VOLUME     =    251113.0126
                                                    Density    =         1.0068
 ------------------------------------------------------------------------------


 NSTEP =  4630000   TIME(PS) =    9360.000  TEMP(K) =   299.68  PRESS =     0.0
 Etot   =    -61549.3883  EKtot   =     15134.7266  EPtot      =    -76684.1149
 BOND   =       356.4636  ANGLE   =      1197.1738  DIHED      =      1409.6217
 1-4 NB =       427.2786  1-4 EEL =      4864.5361  VDWAALS    =     10003.2312
 EELEC  =    -94942.4200  EHBOND  =         0.0000  RESTRAINT  =         0.0000
 EKCMT  =         0.0000  VIRIAL  =         0.0000  VOLUME     =    249079.0339
                                                    Density    =         1.0150
 ------------------------------------------------------------------------------


 NSTEP =  4640000   TIME(PS) =    9380.000  TEMP(K) =   303.01  PRESS =     0.0
 Etot   =    -61091.5963  EKtot   =     15303.0811  EPtot      =    -76394.6774
 BOND   =       352.8805  ANGLE   =      1206.6769  DIHED      =      1388.0502
 1-4 NB =       417.0247  1-4 EEL =      4868.8757  VDWAALS    =      9644.5712
 EELEC  =    -94272.7566  EHBOND  =         0.0000  RESTRAINT  =         0.0000
 EKCMT  =         0.0000  VIRIAL  =         0.0000  VOLUME     =    251505.9853
                                                    Density    =         1.0052
 ------------------------------------------------------------------------------


 NSTEP =  4650000   TIME(PS) =    9400.000  TEMP(K) =   298.65  PRESS =     0.0
 Etot   =    -61490.3818  EKtot   =     15083.1074  EPtot      =    -76573.4892
 BOND   =       349.2592  ANGLE   =      1222.7322  DIHED      =      1402.0841
 1-4 NB =       420.9265  1-4 EEL =      4868.6771  VDWAALS    =     10091.3776
 EELEC  =    -94928.5458  EHBOND  =         0.0000  RESTRAINT  =         0.0000
 EKCMT  =         0.0000  VIRIAL  =         0.0000  VOLUME     =    250976.4974
                                                    Density    =         1.0073
 ------------------------------------------------------------------------------


 NSTEP =  4660000   TIME(PS) =    9420.000  TEMP(K) =   303.77  PRESS =     0.0
 Etot   =    -61434.2098  EKtot   =     15341.5430  EPtot      =    -76775.7528
 BOND   =       328.9115  ANGLE   =      1223.8109  DIHED      =      1408.7733
 1-4 NB =       413.1916  1-4 EEL =      4898.4171  VDWAALS    =      9976.4677
 EELEC  =    -95025.3250  EHBOND  =         0.0000  RESTRAINT  =         0.0000
 EKCMT  =         0.0000  VIRIAL  =         0.0000  VOLUME     =    250123.8157
                                                    Density    =         1.0108
 ------------------------------------------------------------------------------


 NSTEP =  4670000   TIME(PS) =    9440.000  TEMP(K) =   297.11  PRESS =     0.0
 Etot   =    -61382.9714  EKtot   =     15005.1064  EPtot      =    -76388.0779
 BOND   =       355.0998  ANGLE   =      1171.0949  DIHED      =      1389.0577
 1-4 NB =       423.4947  1-4 EEL =      4882.5868  VDWAALS    =      9772.2765
 EELEC  =    -94381.6883  EHBOND  =         0.0000  RESTRAINT  =         0.0000
 EKCMT  =         0.0000  VIRIAL  =         0.0000  VOLUME     =    250909.6885
                                                    Density    =         1.0076
 ------------------------------------------------------------------------------


 NSTEP =  4680000   TIME(PS) =    9460.000  TEMP(K) =   301.76  PRESS =     0.0
 Etot   =    -61046.7216  EKtot   =     15240.1006  EPtot      =    -76286.8222
 BOND   =       373.5247  ANGLE   =      1206.4765  DIHED      =      1388.6306
 1-4 NB =       413.6332  1-4 EEL =      4844.0060  VDWAALS    =      9558.6173
 EELEC  =    -94071.7105  EHBOND  =         0.0000  RESTRAINT  =         0.0000
 EKCMT  =         0.0000  VIRIAL  =         0.0000  VOLUME     =    250651.4155
                                                    Density    =         1.0086
 ------------------------------------------------------------------------------


 NSTEP =  4690000   TIME(PS) =    9480.000  TEMP(K) =   301.88  PRESS =     0.0
 Etot   =    -61105.0029  EKtot   =     15245.9092  EPtot      =    -76350.9121
 BOND   =       347.5323  ANGLE   =      1235.8752  DIHED      =      1390.9336
 1-4 NB =       435.0906  1-4 EEL =      4877.6370  VDWAALS    =      9708.3887
 EELEC  =    -94346.3696  EHBOND  =         0.0000  RESTRAINT  =         0.0000
 EKCMT  =         0.0000  VIRIAL  =         0.0000  VOLUME     =    249892.0966
                                                    Density    =         1.0117
 ------------------------------------------------------------------------------


 NSTEP =  4700000   TIME(PS) =    9500.000  TEMP(K) =   296.79  PRESS =     0.0
 Etot   =    -61510.2779  EKtot   =     14988.8447  EPtot      =    -76499.1226
 BOND   =       349.1913  ANGLE   =      1245.2966  DIHED      =      1398.0410
 1-4 NB =       427.6647  1-4 EEL =      4914.9836  VDWAALS    =      9867.2340
 EELEC  =    -94701.5337  EHBOND  =         0.0000  RESTRAINT  =         0.0000
 EKCMT  =         0.0000  VIRIAL  =         0.0000  VOLUME     =    250836.6024
                                                    Density    =         1.0079
 ------------------------------------------------------------------------------


 NSTEP =  4710000   TIME(PS) =    9520.000  TEMP(K) =   299.00  PRESS =     0.0
 Etot   =    -61221.3752  EKtot   =     15100.4082  EPtot      =    -76321.7834
 BOND   =       366.1170  ANGLE   =      1179.8222  DIHED      =      1409.3947
 1-4 NB =       418.3770  1-4 EEL =      4884.6636  VDWAALS    =      9958.8132
 EELEC  =    -94538.9711  EHBOND  =         0.0000  RESTRAINT  =         0.0000
 EKCMT  =         0.0000  VIRIAL  =         0.0000  VOLUME     =    251302.5925
                                                    Density    =         1.0060
 ------------------------------------------------------------------------------


 NSTEP =  4720000   TIME(PS) =    9540.000  TEMP(K) =   301.51  PRESS =     0.0
 Etot   =    -61042.4115  EKtot   =     15227.4873  EPtot      =    -76269.8988
 BOND   =       364.7730  ANGLE   =      1199.4280  DIHED      =      1409.3719
 1-4 NB =       435.8964  1-4 EEL =      4873.7651  VDWAALS    =      9736.5461
 EELEC  =    -94289.6793  EHBOND  =         0.0000  RESTRAINT  =         0.0000
 EKCMT  =         0.0000  VIRIAL  =         0.0000  VOLUME     =    252200.6433
                                                    Density    =         1.0024
 ------------------------------------------------------------------------------


 NSTEP =  4730000   TIME(PS) =    9560.000  TEMP(K) =   299.34  PRESS =     0.0
 Etot   =    -61204.5699  EKtot   =     15117.6982  EPtot      =    -76322.2682
 BOND   =       361.6917  ANGLE   =      1209.1527  DIHED      =      1394.0862
 1-4 NB =       436.3156  1-4 EEL =      4824.9854  VDWAALS    =      9897.2747
 EELEC  =    -94445.7744  EHBOND  =         0.0000  RESTRAINT  =         0.0000
 EKCMT  =         0.0000  VIRIAL  =         0.0000  VOLUME     =    250813.4797
                                                    Density    =         1.0080
 ------------------------------------------------------------------------------


 NSTEP =  4740000   TIME(PS) =    9580.000  TEMP(K) =   303.20  PRESS =     0.0
 Etot   =    -61181.0262  EKtot   =     15312.4199  EPtot      =    -76493.4461
 BOND   =       362.4557  ANGLE   =      1219.4949  DIHED      =      1394.1165
 1-4 NB =       419.4954  1-4 EEL =      4864.6082  VDWAALS    =      9826.3347
 EELEC  =    -94579.9516  EHBOND  =         0.0000  RESTRAINT  =         0.0000
 EKCMT  =         0.0000  VIRIAL  =         0.0000  VOLUME     =    250743.1194
                                                    Density    =         1.0083
 ------------------------------------------------------------------------------


 NSTEP =  4750000   TIME(PS) =    9600.000  TEMP(K) =   302.30  PRESS =     0.0
 Etot   =    -61072.4400  EKtot   =     15266.9551  EPtot      =    -76339.3951
 BOND   =       358.8870  ANGLE   =      1204.7314  DIHED      =      1390.4623
 1-4 NB =       425.8382  1-4 EEL =      4898.4018  VDWAALS    =      9830.6716
 EELEC  =    -94448.3873  EHBOND  =         0.0000  RESTRAINT  =         0.0000
 EKCMT  =         0.0000  VIRIAL  =         0.0000  VOLUME     =    251558.4327
                                                    Density    =         1.0050
 ------------------------------------------------------------------------------


 NSTEP =  4760000   TIME(PS) =    9620.000  TEMP(K) =   299.89  PRESS =     0.0
 Etot   =    -61487.4320  EKtot   =     15145.2930  EPtot      =    -76632.7250
 BOND   =       341.3246  ANGLE   =      1253.1013  DIHED      =      1387.5930
 1-4 NB =       426.5691  1-4 EEL =      4866.3697  VDWAALS    =      9911.4523
 EELEC  =    -94819.1350  EHBOND  =         0.0000  RESTRAINT  =         0.0000
 EKCMT  =         0.0000  VIRIAL  =         0.0000  VOLUME     =    249962.1041
                                                    Density    =         1.0114
 ------------------------------------------------------------------------------


 NSTEP =  4770000   TIME(PS) =    9640.000  TEMP(K) =   300.05  PRESS =     0.0
 Etot   =    -61536.9843  EKtot   =     15153.6289  EPtot      =    -76690.6132
 BOND   =       343.7267  ANGLE   =      1212.3654  DIHED      =      1372.6730
 1-4 NB =       426.2892  1-4 EEL =      4855.7682  VDWAALS    =      9867.0561
 EELEC  =    -94768.4918  EHBOND  =         0.0000  RESTRAINT  =         0.0000
 EKCMT  =         0.0000  VIRIAL  =         0.0000  VOLUME     =    249931.5502
                                                    Density    =         1.0115
 ------------------------------------------------------------------------------


 NSTEP =  4780000   TIME(PS) =    9660.000  TEMP(K) =   296.86  PRESS =     0.0
 Etot   =    -61438.0105  EKtot   =     14992.3223  EPtot      =    -76430.3327
 BOND   =       372.2911  ANGLE   =      1204.9395  DIHED      =      1401.0662
 1-4 NB =       421.1978  1-4 EEL =      4860.1079  VDWAALS    =      9945.8456
 EELEC  =    -94635.7810  EHBOND  =         0.0000  RESTRAINT  =         0.0000
 EKCMT  =         0.0000  VIRIAL  =         0.0000  VOLUME     =    249903.8677
                                                    Density    =         1.0116
 ------------------------------------------------------------------------------


 NSTEP =  4790000   TIME(PS) =    9680.000  TEMP(K) =   297.83  PRESS =     0.0
 Etot   =    -61393.8221  EKtot   =     15041.6016  EPtot      =    -76435.4237
 BOND   =       328.7638  ANGLE   =      1234.9016  DIHED      =      1378.9414
 1-4 NB =       436.6291  1-4 EEL =      4914.5429  VDWAALS    =      9944.7725
 EELEC  =    -94673.9750  EHBOND  =         0.0000  RESTRAINT  =         0.0000
 EKCMT  =         0.0000  VIRIAL  =         0.0000  VOLUME     =    251078.3698
                                                    Density    =         1.0069
 ------------------------------------------------------------------------------


 NSTEP =  4800000   TIME(PS) =    9700.000  TEMP(K) =   298.45  PRESS =     0.0
 Etot   =    -61262.7854  EKtot   =     15073.0029  EPtot      =    -76335.7883
 BOND   =       372.1829  ANGLE   =      1199.3210  DIHED      =      1409.2411
 1-4 NB =       438.7097  1-4 EEL =      4894.5908  VDWAALS    =      9845.2251
 EELEC  =    -94495.0589  EHBOND  =         0.0000  RESTRAINT  =         0.0000
 EKCMT  =         0.0000  VIRIAL  =         0.0000  VOLUME     =    250769.4478
                                                    Density    =         1.0082
 ------------------------------------------------------------------------------


 NSTEP =  4810000   TIME(PS) =    9720.000  TEMP(K) =   299.70  PRESS =     0.0
 Etot   =    -61503.6219  EKtot   =     15136.0889  EPtot      =    -76639.7108
 BOND   =       349.0634  ANGLE   =      1197.0064  DIHED      =      1407.1434
 1-4 NB =       427.0090  1-4 EEL =      4869.4193  VDWAALS    =     10161.6540
 EELEC  =    -95051.0063  EHBOND  =         0.0000  RESTRAINT  =         0.0000
 EKCMT  =         0.0000  VIRIAL  =         0.0000  VOLUME     =    249127.9640
                                                    Density    =         1.0148
 ------------------------------------------------------------------------------


 NSTEP =  4820000   TIME(PS) =    9740.000  TEMP(K) =   298.72  PRESS =     0.0
 Etot   =    -61110.5256  EKtot   =     15086.3672  EPtot      =    -76196.8928
 BOND   =       330.5240  ANGLE   =      1229.3283  DIHED      =      1396.5221
 1-4 NB =       426.3536  1-4 EEL =      4856.4576  VDWAALS    =      9893.7891
 EELEC  =    -94329.8675  EHBOND  =         0.0000  RESTRAINT  =         0.0000
 EKCMT  =         0.0000  VIRIAL  =         0.0000  VOLUME     =    251396.1671
                                                    Density    =         1.0056
 ------------------------------------------------------------------------------


 NSTEP =  4830000   TIME(PS) =    9760.000  TEMP(K) =   296.62  PRESS =     0.0
 Etot   =    -61621.7902  EKtot   =     14980.4512  EPtot      =    -76602.2414
 BOND   =       359.1791  ANGLE   =      1177.6771  DIHED      =      1374.4707
 1-4 NB =       435.1690  1-4 EEL =      4904.0385  VDWAALS    =      9914.4717
 EELEC  =    -94767.2475  EHBOND  =         0.0000  RESTRAINT  =         0.0000
 EKCMT  =         0.0000  VIRIAL  =         0.0000  VOLUME     =    250536.7513
                                                    Density    =         1.0091
 ------------------------------------------------------------------------------


 NSTEP =  4840000   TIME(PS) =    9780.000  TEMP(K) =   302.30  PRESS =     0.0
 Etot   =    -61322.3235  EKtot   =     15266.9971  EPtot      =    -76589.3205
 BOND   =       365.0422  ANGLE   =      1200.3978  DIHED      =      1388.3402
 1-4 NB =       422.6410  1-4 EEL =      4848.2589  VDWAALS    =     10063.0894
 EELEC  =    -94877.0902  EHBOND  =         0.0000  RESTRAINT  =         0.0000
 EKCMT  =         0.0000  VIRIAL  =         0.0000  VOLUME     =    250296.3816
                                                    Density    =         1.0101
 ------------------------------------------------------------------------------


 NSTEP =  4850000   TIME(PS) =    9800.000  TEMP(K) =   299.72  PRESS =     0.0
 Etot   =    -61248.8287  EKtot   =     15136.8232  EPtot      =    -76385.6519
 BOND   =       340.4926  ANGLE   =      1207.7587  DIHED      =      1410.6541
 1-4 NB =       425.8742  1-4 EEL =      4836.0171  VDWAALS    =      9874.1727
 EELEC  =    -94480.6212  EHBOND  =         0.0000  RESTRAINT  =         0.0000
 EKCMT  =         0.0000  VIRIAL  =         0.0000  VOLUME     =    251311.6633
                                                    Density    =         1.0060
 ------------------------------------------------------------------------------


 NSTEP =  4860000   TIME(PS) =    9820.000  TEMP(K) =   302.45  PRESS =     0.0
 Etot   =    -61151.3547  EKtot   =     15274.7080  EPtot      =    -76426.0628
 BOND   =       344.1076  ANGLE   =      1188.8243  DIHED      =      1397.3167
 1-4 NB =       414.2699  1-4 EEL =      4896.6667  VDWAALS    =      9782.9227
 EELEC  =    -94450.1706  EHBOND  =         0.0000  RESTRAINT  =         0.0000
 EKCMT  =         0.0000  VIRIAL  =         0.0000  VOLUME     =    249052.0155
                                                    Density    =         1.0151
 ------------------------------------------------------------------------------


 NSTEP =  4870000   TIME(PS) =    9840.000  TEMP(K) =   303.66  PRESS =     0.0
 Etot   =    -60995.0322  EKtot   =     15336.0898  EPtot      =    -76331.1221
 BOND   =       360.4761  ANGLE   =      1189.6836  DIHED      =      1398.2149
 1-4 NB =       418.3999  1-4 EEL =      4853.0731  VDWAALS    =      9864.9028
 EELEC  =    -94415.8724  EHBOND  =         0.0000  RESTRAINT  =         0.0000
 EKCMT  =         0.0000  VIRIAL  =         0.0000  VOLUME     =    251108.6904
                                                    Density    =         1.0068
 ------------------------------------------------------------------------------


 NSTEP =  4880000   TIME(PS) =    9860.000  TEMP(K) =   299.39  PRESS =     0.0
 Etot   =    -61417.0569  EKtot   =     15120.4512  EPtot      =    -76537.5081
 BOND   =       377.2061  ANGLE   =      1192.3318  DIHED      =      1377.4865
 1-4 NB =       410.4430  1-4 EEL =      4896.7628  VDWAALS    =     10142.8021
 EELEC  =    -94934.5405  EHBOND  =         0.0000  RESTRAINT  =         0.0000
 EKCMT  =         0.0000  VIRIAL  =         0.0000  VOLUME     =    250563.6007
                                                    Density    =         1.0090
 ------------------------------------------------------------------------------


 NSTEP =  4890000   TIME(PS) =    9880.000  TEMP(K) =   300.40  PRESS =     0.0
 Etot   =    -61266.8821  EKtot   =     15171.4912  EPtot      =    -76438.3733
 BOND   =       344.6211  ANGLE   =      1196.6248  DIHED      =      1375.1365
 1-4 NB =       422.5085  1-4 EEL =      4871.1029  VDWAALS    =      9848.4170
 EELEC  =    -94496.7840  EHBOND  =         0.0000  RESTRAINT  =         0.0000
 EKCMT  =         0.0000  VIRIAL  =         0.0000  VOLUME     =    250200.1294
                                                    Density    =         1.0104
 ------------------------------------------------------------------------------


 NSTEP =  4900000   TIME(PS) =    9900.000  TEMP(K) =   300.64  PRESS =     0.0
 Etot   =    -61269.0719  EKtot   =     15183.3789  EPtot      =    -76452.4508
 BOND   =       356.8618  ANGLE   =      1237.4646  DIHED      =      1401.5179
 1-4 NB =       427.1180  1-4 EEL =      4925.3079  VDWAALS    =      9859.2135
 EELEC  =    -94659.9345  EHBOND  =         0.0000  RESTRAINT  =         0.0000
 EKCMT  =         0.0000  VIRIAL  =         0.0000  VOLUME     =    250741.3650
                                                    Density    =         1.0083
 ------------------------------------------------------------------------------


 NSTEP =  4910000   TIME(PS) =    9920.000  TEMP(K) =   299.05  PRESS =     0.0
 Etot   =    -61309.2279  EKtot   =     15103.2471  EPtot      =    -76412.4750
 BOND   =       339.0200  ANGLE   =      1196.2527  DIHED      =      1388.1571
 1-4 NB =       433.9321  1-4 EEL =      4853.7563  VDWAALS    =      9853.4115
 EELEC  =    -94477.0046  EHBOND  =         0.0000  RESTRAINT  =         0.0000
 EKCMT  =         0.0000  VIRIAL  =         0.0000  VOLUME     =    250031.2058
                                                    Density    =         1.0111
 ------------------------------------------------------------------------------


 NSTEP =  4920000   TIME(PS) =    9940.000  TEMP(K) =   298.65  PRESS =     0.0
 Etot   =    -61564.7400  EKtot   =     15082.8809  EPtot      =    -76647.6208
 BOND   =       361.3031  ANGLE   =      1225.5438  DIHED      =      1393.8924
 1-4 NB =       422.9134  1-4 EEL =      4887.3230  VDWAALS    =     10162.1444
 EELEC  =    -95100.7410  EHBOND  =         0.0000  RESTRAINT  =         0.0000
 EKCMT  =         0.0000  VIRIAL  =         0.0000  VOLUME     =    249851.3524
                                                    Density    =         1.0119
 ------------------------------------------------------------------------------


 NSTEP =  4930000   TIME(PS) =    9960.000  TEMP(K) =   301.83  PRESS =     0.0
 Etot   =    -61429.2685  EKtot   =     15243.4375  EPtot      =    -76672.7060
 BOND   =       378.6570  ANGLE   =      1194.0381  DIHED      =      1374.1025
 1-4 NB =       421.5741  1-4 EEL =      4814.0181  VDWAALS    =     10117.8591
 EELEC  =    -94972.9548  EHBOND  =         0.0000  RESTRAINT  =         0.0000
 EKCMT  =         0.0000  VIRIAL  =         0.0000  VOLUME     =    250215.0396
                                                    Density    =         1.0104
 ------------------------------------------------------------------------------


 NSTEP =  4940000   TIME(PS) =    9980.000  TEMP(K) =   299.46  PRESS =     0.0
 Etot   =    -61523.5951  EKtot   =     15123.9834  EPtot      =    -76647.5785
 BOND   =       374.4954  ANGLE   =      1193.8816  DIHED      =      1370.1888
 1-4 NB =       422.5692  1-4 EEL =      4874.4924  VDWAALS    =      9869.0097
 EELEC  =    -94752.2156  EHBOND  =         0.0000  RESTRAINT  =         0.0000
 EKCMT  =         0.0000  VIRIAL  =         0.0000  VOLUME     =    250296.3037
                                                    Density    =         1.0101
 ------------------------------------------------------------------------------


 NSTEP =  4950000   TIME(PS) =   10000.000  TEMP(K) =   299.55  PRESS =     0.0
 Etot   =    -61375.0388  EKtot   =     15128.5459  EPtot      =    -76503.5847
 BOND   =       351.1995  ANGLE   =      1249.7240  DIHED      =      1390.4015
 1-4 NB =       429.0051  1-4 EEL =      4864.9071  VDWAALS    =      9901.3536
 EELEC  =    -94690.1756  EHBOND  =         0.0000  RESTRAINT  =         0.0000
 EKCMT  =         0.0000  VIRIAL  =         0.0000  VOLUME     =    250404.2176
                                                    Density    =         1.0096
 ------------------------------------------------------------------------------


 NSTEP =  4960000   TIME(PS) =   10020.000  TEMP(K) =   301.24  PRESS =     0.0
 Etot   =    -61045.2076  EKtot   =     15213.6504  EPtot      =    -76258.8580
 BOND   =       392.6704  ANGLE   =      1212.4815  DIHED      =      1395.3221
 1-4 NB =       407.8935  1-4 EEL =      4897.5764  VDWAALS    =      9877.8643
 EELEC  =    -94442.6662  EHBOND  =         0.0000  RESTRAINT  =         0.0000
 EKCMT  =         0.0000  VIRIAL  =         0.0000  VOLUME     =    250229.1569
                                                    Density    =         1.0103
 ------------------------------------------------------------------------------


 NSTEP =  4970000   TIME(PS) =   10040.000  TEMP(K) =   297.06  PRESS =     0.0
 Etot   =    -61463.7866  EKtot   =     15002.3955  EPtot      =    -76466.1821
 BOND   =       373.8430  ANGLE   =      1156.3862  DIHED      =      1383.3605
 1-4 NB =       425.4981  1-4 EEL =      4907.8195  VDWAALS    =      9701.0520
 EELEC  =    -94414.1414  EHBOND  =         0.0000  RESTRAINT  =         0.0000
 EKCMT  =         0.0000  VIRIAL  =         0.0000  VOLUME     =    251452.7548
                                                    Density    =         1.0054
 ------------------------------------------------------------------------------


 NSTEP =  4980000   TIME(PS) =   10060.000  TEMP(K) =   298.56  PRESS =     0.0
 Etot   =    -61353.8273  EKtot   =     15078.1914  EPtot      =    -76432.0187
 BOND   =       377.6646  ANGLE   =      1224.8952  DIHED      =      1386.6419
 1-4 NB =       417.1481  1-4 EEL =      4848.9932  VDWAALS    =     10080.5597
 EELEC  =    -94767.9215  EHBOND  =         0.0000  RESTRAINT  =         0.0000
 EKCMT  =         0.0000  VIRIAL  =         0.0000  VOLUME     =    250230.6124
                                                    Density    =         1.0103
 ------------------------------------------------------------------------------


 NSTEP =  4990000   TIME(PS) =   10080.000  TEMP(K) =   298.42  PRESS =     0.0
 Etot   =    -61365.0334  EKtot   =     15071.1367  EPtot      =    -76436.1701
 BOND   =       355.9563  ANGLE   =      1235.3049  DIHED      =      1419.9499
 1-4 NB =       424.3048  1-4 EEL =      4896.0521  VDWAALS    =      9902.2300
 EELEC  =    -94669.9681  EHBOND  =         0.0000  RESTRAINT  =         0.0000
 EKCMT  =         0.0000  VIRIAL  =         0.0000  VOLUME     =    251876.7762
                                                    Density    =         1.0037
 ------------------------------------------------------------------------------


 NSTEP =  5000000   TIME(PS) =   10100.000  TEMP(K) =   300.87  PRESS =     0.0
 Etot   =    -61190.2527  EKtot   =     15194.9746  EPtot      =    -76385.2273
 BOND   =       355.5034  ANGLE   =      1198.2736  DIHED      =      1404.9963
 1-4 NB =       434.5744  1-4 EEL =      4895.4744  VDWAALS    =      9676.2465
 EELEC  =    -94350.2960  EHBOND  =         0.0000  RESTRAINT  =         0.0000
 EKCMT  =         0.0000  VIRIAL  =         0.0000  VOLUME     =    252092.8671
                                                    Density    =         1.0029
 ------------------------------------------------------------------------------


 NSTEP =  5010000   TIME(PS) =   10120.000  TEMP(K) =   297.34  PRESS =     0.0
 Etot   =    -61385.1308  EKtot   =     15016.8438  EPtot      =    -76401.9746
 BOND   =       359.0586  ANGLE   =      1196.0526  DIHED      =      1394.5274
 1-4 NB =       428.8108  1-4 EEL =      4891.0463  VDWAALS    =      9880.0689
 EELEC  =    -94551.5392  EHBOND  =         0.0000  RESTRAINT  =         0.0000
 EKCMT  =         0.0000  VIRIAL  =         0.0000  VOLUME     =    252110.4271
                                                    Density    =         1.0028
 ------------------------------------------------------------------------------


 NSTEP =  5020000   TIME(PS) =   10140.000  TEMP(K) =   302.13  PRESS =     0.0
 Etot   =    -61110.4589  EKtot   =     15258.8604  EPtot      =    -76369.3192
 BOND   =       351.1866  ANGLE   =      1216.4765  DIHED      =      1371.8798
 1-4 NB =       420.6508  1-4 EEL =      4869.4242  VDWAALS    =      9999.6820
 EELEC  =    -94598.6193  EHBOND  =         0.0000  RESTRAINT  =         0.0000
 EKCMT  =         0.0000  VIRIAL  =         0.0000  VOLUME     =    251679.7849
                                                    Density    =         1.0045
 ------------------------------------------------------------------------------


 NSTEP =  5030000   TIME(PS) =   10160.000  TEMP(K) =   301.15  PRESS =     0.0
 Etot   =    -61188.1145  EKtot   =     15209.2412  EPtot      =    -76397.3557
 BOND   =       340.7156  ANGLE   =      1245.4827  DIHED      =      1387.5821
 1-4 NB =       418.9038  1-4 EEL =      4889.6788  VDWAALS    =      9817.4983
 EELEC  =    -94497.2170  EHBOND  =         0.0000  RESTRAINT  =         0.0000
 EKCMT  =         0.0000  VIRIAL  =         0.0000  VOLUME     =    251375.5439
                                                    Density    =         1.0057
 ------------------------------------------------------------------------------


 NSTEP =  5040000   TIME(PS) =   10180.000  TEMP(K) =   301.56  PRESS =     0.0
 Etot   =    -61274.5108  EKtot   =     15230.0283  EPtot      =    -76504.5392
 BOND   =       363.1311  ANGLE   =      1191.8624  DIHED      =      1390.3015
 1-4 NB =       420.2399  1-4 EEL =      4874.5605  VDWAALS    =      9808.2628
 EELEC  =    -94552.8974  EHBOND  =         0.0000  RESTRAINT  =         0.0000
 EKCMT  =         0.0000  VIRIAL  =         0.0000  VOLUME     =    250418.9543
                                                    Density    =         1.0096
 ------------------------------------------------------------------------------


 NSTEP =  5050000   TIME(PS) =   10200.000  TEMP(K) =   302.02  PRESS =     0.0
 Etot   =    -61190.2493  EKtot   =     15252.8750  EPtot      =    -76443.1243
 BOND   =       322.9140  ANGLE   =      1236.0374  DIHED      =      1399.2817
 1-4 NB =       429.7789  1-4 EEL =      4923.6468  VDWAALS    =      9935.3843
 EELEC  =    -94690.1673  EHBOND  =         0.0000  RESTRAINT  =         0.0000
 EKCMT  =         0.0000  VIRIAL  =         0.0000  VOLUME     =    250901.1880
                                                    Density    =         1.0076
 ------------------------------------------------------------------------------


 NSTEP =  5060000   TIME(PS) =   10220.000  TEMP(K) =   299.14  PRESS =     0.0
 Etot   =    -61411.2380  EKtot   =     15107.6973  EPtot      =    -76518.9352
 BOND   =       356.7956  ANGLE   =      1233.7526  DIHED      =      1405.3545
 1-4 NB =       405.4146  1-4 EEL =      4906.5380  VDWAALS    =     10024.4720
 EELEC  =    -94851.2625  EHBOND  =         0.0000  RESTRAINT  =         0.0000
 EKCMT  =         0.0000  VIRIAL  =         0.0000  VOLUME     =    250133.4250
                                                    Density    =         1.0107
 ------------------------------------------------------------------------------


 NSTEP =  5070000   TIME(PS) =   10240.000  TEMP(K) =   298.29  PRESS =     0.0
 Etot   =    -61329.1858  EKtot   =     15064.6045  EPtot      =    -76393.7903
 BOND   =       328.3847  ANGLE   =      1200.3535  DIHED      =      1393.6761
 1-4 NB =       421.3718  1-4 EEL =      4865.8684  VDWAALS    =      9924.1750
 EELEC  =    -94527.6199  EHBOND  =         0.0000  RESTRAINT  =         0.0000
 EKCMT  =         0.0000  VIRIAL  =         0.0000  VOLUME     =    248781.1902
                                                    Density    =         1.0162
 ------------------------------------------------------------------------------


 NSTEP =  5080000   TIME(PS) =   10260.000  TEMP(K) =   296.86  PRESS =     0.0
 Etot   =    -61407.1896  EKtot   =     14992.6299  EPtot      =    -76399.8195
 BOND   =       385.7292  ANGLE   =      1231.8191  DIHED      =      1429.3496
 1-4 NB =       416.0442  1-4 EEL =      4851.9855  VDWAALS    =      9806.7318
 EELEC  =    -94521.4789  EHBOND  =         0.0000  RESTRAINT  =         0.0000
 EKCMT  =         0.0000  VIRIAL  =         0.0000  VOLUME     =    251062.9061
                                                    Density    =         1.0070
 ------------------------------------------------------------------------------


 NSTEP =  5090000   TIME(PS) =   10280.000  TEMP(K) =   299.82  PRESS =     0.0
 Etot   =    -61447.0108  EKtot   =     15141.7305  EPtot      =    -76588.7413
 BOND   =       359.3411  ANGLE   =      1190.5312  DIHED      =      1395.8563
 1-4 NB =       430.3419  1-4 EEL =      4888.9956  VDWAALS    =     10029.1453
 EELEC  =    -94882.9526  EHBOND  =         0.0000  RESTRAINT  =         0.0000
 EKCMT  =         0.0000  VIRIAL  =         0.0000  VOLUME     =    249620.4524
                                                    Density    =         1.0128
 ------------------------------------------------------------------------------


 NSTEP =  5100000   TIME(PS) =   10300.000  TEMP(K) =   296.73  PRESS =     0.0
 Etot   =    -61320.4984  EKtot   =     14986.1230  EPtot      =    -76306.6215
 BOND   =       344.4795  ANGLE   =      1182.5257  DIHED      =      1397.7618
 1-4 NB =       421.2261  1-4 EEL =      4868.9563  VDWAALS    =      9844.5839
 EELEC  =    -94366.1547  EHBOND  =         0.0000  RESTRAINT  =         0.0000
 EKCMT  =         0.0000  VIRIAL  =         0.0000  VOLUME     =    250806.1577
                                                    Density    =         1.0080
 ------------------------------------------------------------------------------


 NSTEP =  5110000   TIME(PS) =   10320.000  TEMP(K) =   297.04  PRESS =     0.0
 Etot   =    -61496.1852  EKtot   =     15001.7227  EPtot      =    -76497.9078
 BOND   =       368.2431  ANGLE   =      1187.2915  DIHED      =      1392.7125
 1-4 NB =       423.7070  1-4 EEL =      4895.7646  VDWAALS    =      9886.0526
 EELEC  =    -94651.6792  EHBOND  =         0.0000  RESTRAINT  =         0.0000
 EKCMT  =         0.0000  VIRIAL  =         0.0000  VOLUME     =    250825.6359
                                                    Density    =         1.0079
 ------------------------------------------------------------------------------


 NSTEP =  5120000   TIME(PS) =   10340.000  TEMP(K) =   298.82  PRESS =     0.0
 Etot   =    -61526.3171  EKtot   =     15091.6777  EPtot      =    -76617.9949
 BOND   =       341.2629  ANGLE   =      1228.4834  DIHED      =      1388.1656
 1-4 NB =       423.0461  1-4 EEL =      4862.1706  VDWAALS    =      9952.9172
 EELEC  =    -94814.0407  EHBOND  =         0.0000  RESTRAINT  =         0.0000
 EKCMT  =         0.0000  VIRIAL  =         0.0000  VOLUME     =    250052.6920
                                                    Density    =         1.0110
 ------------------------------------------------------------------------------


 NSTEP =  5130000   TIME(PS) =   10360.000  TEMP(K) =   298.09  PRESS =     0.0
 Etot   =    -61339.0021  EKtot   =     15054.5498  EPtot      =    -76393.5519
 BOND   =       349.3407  ANGLE   =      1220.9432  DIHED      =      1380.6348
 1-4 NB =       421.6321  1-4 EEL =      4864.4709  VDWAALS    =      9914.7743
 EELEC  =    -94545.3479  EHBOND  =         0.0000  RESTRAINT  =         0.0000
 EKCMT  =         0.0000  VIRIAL  =         0.0000  VOLUME     =    250623.6177
                                                    Density    =         1.0087
 ------------------------------------------------------------------------------


 NSTEP =  5140000   TIME(PS) =   10380.000  TEMP(K) =   303.28  PRESS =     0.0
 Etot   =    -61299.9157  EKtot   =     15316.7246  EPtot      =    -76616.6403
 BOND   =       332.4522  ANGLE   =      1200.5403  DIHED      =      1378.4048
 1-4 NB =       440.7179  1-4 EEL =      4977.9552  VDWAALS    =      9905.1972
 EELEC  =    -94851.9080  EHBOND  =         0.0000  RESTRAINT  =         0.0000
 EKCMT  =         0.0000  VIRIAL  =         0.0000  VOLUME     =    250447.3968
                                                    Density    =         1.0095
 ------------------------------------------------------------------------------


 NSTEP =  5150000   TIME(PS) =   10400.000  TEMP(K) =   299.85  PRESS =     0.0
 Etot   =    -61281.1472  EKtot   =     15143.4619  EPtot      =    -76424.6091
 BOND   =       364.8655  ANGLE   =      1208.9914  DIHED      =      1394.1760
 1-4 NB =       434.1741  1-4 EEL =      4880.5092  VDWAALS    =      9797.6877
 EELEC  =    -94505.0130  EHBOND  =         0.0000  RESTRAINT  =         0.0000
 EKCMT  =         0.0000  VIRIAL  =         0.0000  VOLUME     =    250428.4742
                                                    Density    =         1.0095
 ------------------------------------------------------------------------------


 NSTEP =  5160000   TIME(PS) =   10420.000  TEMP(K) =   300.07  PRESS =     0.0
 Etot   =    -61389.8095  EKtot   =     15154.5547  EPtot      =    -76544.3641
 BOND   =       359.2657  ANGLE   =      1208.7048  DIHED      =      1416.0667
 1-4 NB =       422.7738  1-4 EEL =      4874.5872  VDWAALS    =      9971.4704
 EELEC  =    -94797.2328  EHBOND  =         0.0000  RESTRAINT  =         0.0000
 EKCMT  =         0.0000  VIRIAL  =         0.0000  VOLUME     =    251250.1838
                                                    Density    =         1.0062
 ------------------------------------------------------------------------------


 NSTEP =  5170000   TIME(PS) =   10440.000  TEMP(K) =   300.42  PRESS =     0.0
 Etot   =    -61298.1560  EKtot   =     15172.4814  EPtot      =    -76470.6374
 BOND   =       345.7119  ANGLE   =      1228.0832  DIHED      =      1385.1842
 1-4 NB =       407.7271  1-4 EEL =      4870.0793  VDWAALS    =      9821.1220
 EELEC  =    -94528.5450  EHBOND  =         0.0000  RESTRAINT  =         0.0000
 EKCMT  =         0.0000  VIRIAL  =         0.0000  VOLUME     =    250568.2726
                                                    Density    =         1.0090
 ------------------------------------------------------------------------------


 NSTEP =  5180000   TIME(PS) =   10460.000  TEMP(K) =   301.31  PRESS =     0.0
 Etot   =    -61246.8220  EKtot   =     15217.2939  EPtot      =    -76464.1159
 BOND   =       319.9193  ANGLE   =      1195.5943  DIHED      =      1387.8447
 1-4 NB =       403.3308  1-4 EEL =      4923.5200  VDWAALS    =      9926.2044
 EELEC  =    -94620.5293  EHBOND  =         0.0000  RESTRAINT  =         0.0000
 EKCMT  =         0.0000  VIRIAL  =         0.0000  VOLUME     =    249719.1233
                                                    Density    =         1.0124
 ------------------------------------------------------------------------------


 NSTEP =  5190000   TIME(PS) =   10480.000  TEMP(K) =   302.15  PRESS =     0.0
 Etot   =    -61448.9838  EKtot   =     15259.7744  EPtot      =    -76708.7583
 BOND   =       353.0831  ANGLE   =      1190.9436  DIHED      =      1384.9613
 1-4 NB =       421.4094  1-4 EEL =      4943.3676  VDWAALS    =      9850.7951
 EELEC  =    -94853.3183  EHBOND  =         0.0000  RESTRAINT  =         0.0000
 EKCMT  =         0.0000  VIRIAL  =         0.0000  VOLUME     =    250496.1179
                                                    Density    =         1.0093
 ------------------------------------------------------------------------------


 NSTEP =  5200000   TIME(PS) =   10500.000  TEMP(K) =   302.93  PRESS =     0.0
 Etot   =    -61244.2766  EKtot   =     15298.8467  EPtot      =    -76543.1233
 BOND   =       356.7190  ANGLE   =      1217.9167  DIHED      =      1389.8433
 1-4 NB =       421.7591  1-4 EEL =      4915.0700  VDWAALS    =     10067.4962
 EELEC  =    -94911.9277  EHBOND  =         0.0000  RESTRAINT  =         0.0000
 EKCMT  =         0.0000  VIRIAL  =         0.0000  VOLUME     =    250138.4473
                                                    Density    =         1.0107
 ------------------------------------------------------------------------------


 NSTEP =  5210000   TIME(PS) =   10520.000  TEMP(K) =   302.38  PRESS =     0.0
 Etot   =    -61363.1980  EKtot   =     15271.4951  EPtot      =    -76634.6931
 BOND   =       341.8130  ANGLE   =      1182.6507  DIHED      =      1376.5939
 1-4 NB =       422.6588  1-4 EEL =      4943.7582  VDWAALS    =      9945.0813
 EELEC  =    -94847.2491  EHBOND  =         0.0000  RESTRAINT  =         0.0000
 EKCMT  =         0.0000  VIRIAL  =         0.0000  VOLUME     =    250455.5610
                                                    Density    =         1.0094
 ------------------------------------------------------------------------------


 NSTEP =  5220000   TIME(PS) =   10540.000  TEMP(K) =   302.98  PRESS =     0.0
 Etot   =    -61247.7745  EKtot   =     15301.4404  EPtot      =    -76549.2149
 BOND   =       351.2276  ANGLE   =      1226.3999  DIHED      =      1384.2854
 1-4 NB =       420.7387  1-4 EEL =      4907.4490  VDWAALS    =      9907.4598
 EELEC  =    -94746.7754  EHBOND  =         0.0000  RESTRAINT  =         0.0000
 EKCMT  =         0.0000  VIRIAL  =         0.0000  VOLUME     =    250296.0264
                                                    Density    =         1.0101
 ------------------------------------------------------------------------------


 NSTEP =  5230000   TIME(PS) =   10560.000  TEMP(K) =   298.91  PRESS =     0.0
 Etot   =    -61373.8519  EKtot   =     15095.9795  EPtot      =    -76469.8314
 BOND   =       345.0972  ANGLE   =      1240.3613  DIHED      =      1368.0118
 1-4 NB =       431.2512  1-4 EEL =      4934.8523  VDWAALS    =      9718.7033
 EELEC  =    -94508.1086  EHBOND  =         0.0000  RESTRAINT  =         0.0000
 EKCMT  =         0.0000  VIRIAL  =         0.0000  VOLUME     =    250565.4944
                                                    Density    =         1.0090
 ------------------------------------------------------------------------------


 NSTEP =  5240000   TIME(PS) =   10580.000  TEMP(K) =   296.97  PRESS =     0.0
 Etot   =    -61416.8960  EKtot   =     14998.0234  EPtot      =    -76414.9194
 BOND   =       378.7892  ANGLE   =      1210.0922  DIHED      =      1372.3265
 1-4 NB =       411.8993  1-4 EEL =      4908.7930  VDWAALS    =      9853.8439
 EELEC  =    -94550.6636  EHBOND  =         0.0000  RESTRAINT  =         0.0000
 EKCMT  =         0.0000  VIRIAL  =         0.0000  VOLUME     =    249477.6746
                                                    Density    =         1.0134
 ------------------------------------------------------------------------------


 NSTEP =  5250000   TIME(PS) =   10600.000  TEMP(K) =   298.82  PRESS =     0.0
 Etot   =    -61212.6614  EKtot   =     15091.6338  EPtot      =    -76304.2952
 BOND   =       353.5384  ANGLE   =      1220.7861  DIHED      =      1392.8833
 1-4 NB =       415.0822  1-4 EEL =      4900.5825  VDWAALS    =      9971.8933
 EELEC  =    -94559.0610  EHBOND  =         0.0000  RESTRAINT  =         0.0000
 EKCMT  =         0.0000  VIRIAL  =         0.0000  VOLUME     =    251611.7156
                                                    Density    =         1.0048
 ------------------------------------------------------------------------------


 NSTEP =  5260000   TIME(PS) =   10620.000  TEMP(K) =   300.43  PRESS =     0.0
 Etot   =    -61373.7572  EKtot   =     15172.8486  EPtot      =    -76546.6059
 BOND   =       346.1876  ANGLE   =      1239.3351  DIHED      =      1411.6590
 1-4 NB =       425.8797  1-4 EEL =      4944.7111  VDWAALS    =     10072.9013
 EELEC  =    -94987.2797  EHBOND  =         0.0000  RESTRAINT  =         0.0000
 EKCMT  =         0.0000  VIRIAL  =         0.0000  VOLUME     =    249421.3774
                                                    Density    =         1.0136
 ------------------------------------------------------------------------------


 NSTEP =  5270000   TIME(PS) =   10640.000  TEMP(K) =   298.16  PRESS =     0.0
 Etot   =    -61211.3793  EKtot   =     15058.2754  EPtot      =    -76269.6547
 BOND   =       374.1182  ANGLE   =      1231.0904  DIHED      =      1372.9360
 1-4 NB =       420.7800  1-4 EEL =      4876.7782  VDWAALS    =      9841.4768
 EELEC  =    -94386.8342  EHBOND  =         0.0000  RESTRAINT  =         0.0000
 EKCMT  =         0.0000  VIRIAL  =         0.0000  VOLUME     =    251121.6815
                                                    Density    =         1.0067
 ------------------------------------------------------------------------------


 NSTEP =  5280000   TIME(PS) =   10660.000  TEMP(K) =   298.09  PRESS =     0.0
 Etot   =    -61203.7095  EKtot   =     15054.6846  EPtot      =    -76258.3941
 BOND   =       338.4961  ANGLE   =      1236.9868  DIHED      =      1402.3622
 1-4 NB =       420.7061  1-4 EEL =      4899.0125  VDWAALS    =      9610.4581
 EELEC  =    -94166.4159  EHBOND  =         0.0000  RESTRAINT  =         0.0000
 EKCMT  =         0.0000  VIRIAL  =         0.0000  VOLUME     =    251014.1478
                                                    Density    =         1.0072
 ------------------------------------------------------------------------------


 NSTEP =  5290000   TIME(PS) =   10680.000  TEMP(K) =   300.85  PRESS =     0.0
 Etot   =    -61145.6217  EKtot   =     15193.7451  EPtot      =    -76339.3669
 BOND   =       366.9306  ANGLE   =      1243.2392  DIHED      =      1406.2972
 1-4 NB =       405.3093  1-4 EEL =      4886.4516  VDWAALS    =      9801.0751
 EELEC  =    -94448.6697  EHBOND  =         0.0000  RESTRAINT  =         0.0000
 EKCMT  =         0.0000  VIRIAL  =         0.0000  VOLUME     =    251174.3360
                                                    Density    =         1.0065
 ------------------------------------------------------------------------------


 NSTEP =  5300000   TIME(PS) =   10700.000  TEMP(K) =   300.35  PRESS =     0.0
 Etot   =    -61197.2235  EKtot   =     15168.5459  EPtot      =    -76365.7694
 BOND   =       347.5061  ANGLE   =      1233.6502  DIHED      =      1389.2163
 1-4 NB =       424.3822  1-4 EEL =      4878.2011  VDWAALS    =      9943.9723
 EELEC  =    -94582.6976  EHBOND  =         0.0000  RESTRAINT  =         0.0000
 EKCMT  =         0.0000  VIRIAL  =         0.0000  VOLUME     =    250235.9321
                                                    Density    =         1.0103
 ------------------------------------------------------------------------------


 NSTEP =  5310000   TIME(PS) =   10720.000  TEMP(K) =   298.74  PRESS =     0.0
 Etot   =    -61227.5512  EKtot   =     15087.3877  EPtot      =    -76314.9389
 BOND   =       356.8304  ANGLE   =      1229.1129  DIHED      =      1375.5447
 1-4 NB =       404.0950  1-4 EEL =      4857.8875  VDWAALS    =      9652.9402
 EELEC  =    -94191.3496  EHBOND  =         0.0000  RESTRAINT  =         0.0000
 EKCMT  =         0.0000  VIRIAL  =         0.0000  VOLUME     =    251241.8664
                                                    Density    =         1.0063
 ------------------------------------------------------------------------------


 NSTEP =  5320000   TIME(PS) =   10740.000  TEMP(K) =   298.96  PRESS =     0.0
 Etot   =    -61543.9178  EKtot   =     15098.3506  EPtot      =    -76642.2684
 BOND   =       349.9811  ANGLE   =      1204.8906  DIHED      =      1410.9327
 1-4 NB =       421.6200  1-4 EEL =      4891.7827  VDWAALS    =      9880.8777
 EELEC  =    -94802.3532  EHBOND  =         0.0000  RESTRAINT  =         0.0000
 EKCMT  =         0.0000  VIRIAL  =         0.0000  VOLUME     =    250682.9338
                                                    Density    =         1.0085
 ------------------------------------------------------------------------------


 NSTEP =  5330000   TIME(PS) =   10760.000  TEMP(K) =   300.74  PRESS =     0.0
 Etot   =    -61158.5396  EKtot   =     15188.5557  EPtot      =    -76347.0953
 BOND   =       341.9007  ANGLE   =      1172.9427  DIHED      =      1384.2680
 1-4 NB =       417.0825  1-4 EEL =      4918.2622  VDWAALS    =      9682.7085
 EELEC  =    -94264.2599  EHBOND  =         0.0000  RESTRAINT  =         0.0000
 EKCMT  =         0.0000  VIRIAL  =         0.0000  VOLUME     =    251570.1312
                                                    Density    =         1.0049
 ------------------------------------------------------------------------------


 NSTEP =  5340000   TIME(PS) =   10780.000  TEMP(K) =   304.68  PRESS =     0.0
 Etot   =    -61190.7855  EKtot   =     15387.4883  EPtot      =    -76578.2738
 BOND   =       366.7798  ANGLE   =      1141.2639  DIHED      =      1397.4359
 1-4 NB =       421.2203  1-4 EEL =      4956.3065  VDWAALS    =     10023.1090
 EELEC  =    -94884.3892  EHBOND  =         0.0000  RESTRAINT  =         0.0000
 EKCMT  =         0.0000  VIRIAL  =         0.0000  VOLUME     =    251214.9101
                                                    Density    =         1.0064
 ------------------------------------------------------------------------------


 NSTEP =  5350000   TIME(PS) =   10800.000  TEMP(K) =   302.86  PRESS =     0.0
 Etot   =    -61168.0930  EKtot   =     15295.6523  EPtot      =    -76463.7453
 BOND   =       347.5636  ANGLE   =      1214.2803  DIHED      =      1401.5516
 1-4 NB =       427.2822  1-4 EEL =      4925.0781  VDWAALS    =      9929.1041
 EELEC  =    -94708.6053  EHBOND  =         0.0000  RESTRAINT  =         0.0000
 EKCMT  =         0.0000  VIRIAL  =         0.0000  VOLUME     =    252110.5946
                                                    Density    =         1.0028
 ------------------------------------------------------------------------------


 NSTEP =  5360000   TIME(PS) =   10820.000  TEMP(K) =   302.02  PRESS =     0.0
 Etot   =    -61281.9543  EKtot   =     15253.2910  EPtot      =    -76535.2453
 BOND   =       334.6033  ANGLE   =      1182.8346  DIHED      =      1386.2815
 1-4 NB =       426.0880  1-4 EEL =      4923.4320  VDWAALS    =     10065.9729
 EELEC  =    -94854.4576  EHBOND  =         0.0000  RESTRAINT  =         0.0000
 EKCMT  =         0.0000  VIRIAL  =         0.0000  VOLUME     =    249886.7251
                                                    Density    =         1.0117
 ------------------------------------------------------------------------------


 NSTEP =  5370000   TIME(PS) =   10840.000  TEMP(K) =   298.57  PRESS =     0.0
 Etot   =    -61454.9199  EKtot   =     15078.7422  EPtot      =    -76533.6621
 BOND   =       320.9282  ANGLE   =      1235.4969  DIHED      =      1401.9277
 1-4 NB =       449.5283  1-4 EEL =      4932.9578  VDWAALS    =     10191.5726
 EELEC  =    -95066.0736  EHBOND  =         0.0000  RESTRAINT  =         0.0000
 EKCMT  =         0.0000  VIRIAL  =         0.0000  VOLUME     =    250782.2160
                                                    Density    =         1.0081
 ------------------------------------------------------------------------------


 NSTEP =  5380000   TIME(PS) =   10860.000  TEMP(K) =   300.83  PRESS =     0.0
 Etot   =    -61400.7345  EKtot   =     15192.8379  EPtot      =    -76593.5724
 BOND   =       354.8029  ANGLE   =      1213.1469  DIHED      =      1379.8312
 1-4 NB =       400.4270  1-4 EEL =      4892.9056  VDWAALS    =     10075.9960
 EELEC  =    -94910.6820  EHBOND  =         0.0000  RESTRAINT  =         0.0000
 EKCMT  =         0.0000  VIRIAL  =         0.0000  VOLUME     =    250183.3391
                                                    Density    =         1.0105
 ------------------------------------------------------------------------------


 NSTEP =  5390000   TIME(PS) =   10880.000  TEMP(K) =   300.98  PRESS =     0.0
 Etot   =    -61363.0544  EKtot   =     15200.7295  EPtot      =    -76563.7839
 BOND   =       334.3513  ANGLE   =      1234.0964  DIHED      =      1369.4389
 1-4 NB =       426.0503  1-4 EEL =      4927.5526  VDWAALS    =      9893.6991
 EELEC  =    -94748.9725  EHBOND  =         0.0000  RESTRAINT  =         0.0000
 EKCMT  =         0.0000  VIRIAL  =         0.0000  VOLUME     =    249152.5777
                                                    Density    =         1.0147
 ------------------------------------------------------------------------------


 NSTEP =  5400000   TIME(PS) =   10900.000  TEMP(K) =   301.53  PRESS =     0.0
 Etot   =    -61221.1809  EKtot   =     15228.5176  EPtot      =    -76449.6984
 BOND   =       349.1482  ANGLE   =      1210.3874  DIHED      =      1393.6966
 1-4 NB =       415.4339  1-4 EEL =      4929.8919  VDWAALS    =      9840.0530
 EELEC  =    -94588.3095  EHBOND  =         0.0000  RESTRAINT  =         0.0000
 EKCMT  =         0.0000  VIRIAL  =         0.0000  VOLUME     =    250242.7925
                                                    Density    =         1.0103
 ------------------------------------------------------------------------------


 NSTEP =  5410000   TIME(PS) =   10920.000  TEMP(K) =   300.10  PRESS =     0.0
 Etot   =    -61226.7363  EKtot   =     15155.9736  EPtot      =    -76382.7100
 BOND   =       343.0230  ANGLE   =      1239.4061  DIHED      =      1379.9772
 1-4 NB =       430.4737  1-4 EEL =      4926.9596  VDWAALS    =      9941.0898
 EELEC  =    -94643.6395  EHBOND  =         0.0000  RESTRAINT  =         0.0000
 EKCMT  =         0.0000  VIRIAL  =         0.0000  VOLUME     =    251965.8050
                                                    Density    =         1.0034
 ------------------------------------------------------------------------------


 NSTEP =  5420000   TIME(PS) =   10940.000  TEMP(K) =   297.78  PRESS =     0.0
 Etot   =    -61397.0210  EKtot   =     15039.0127  EPtot      =    -76436.0337
 BOND   =       360.4423  ANGLE   =      1193.6483  DIHED      =      1405.8348
 1-4 NB =       407.1408  1-4 EEL =      4906.9360  VDWAALS    =      9841.5096
 EELEC  =    -94551.5455  EHBOND  =         0.0000  RESTRAINT  =         0.0000
 EKCMT  =         0.0000  VIRIAL  =         0.0000  VOLUME     =    250312.0491
                                                    Density    =         1.0100
 ------------------------------------------------------------------------------


 NSTEP =  5430000   TIME(PS) =   10960.000  TEMP(K) =   301.55  PRESS =     0.0
 Etot   =    -61270.8315  EKtot   =     15229.3838  EPtot      =    -76500.2153
 BOND   =       354.3814  ANGLE   =      1175.1078  DIHED      =      1379.8769
 1-4 NB =       416.0433  1-4 EEL =      4878.9146  VDWAALS    =      9922.8751
 EELEC  =    -94627.4144  EHBOND  =         0.0000  RESTRAINT  =         0.0000
 EKCMT  =         0.0000  VIRIAL  =         0.0000  VOLUME     =    250014.3847
                                                    Density    =         1.0112
 ------------------------------------------------------------------------------


 NSTEP =  5440000   TIME(PS) =   10980.000  TEMP(K) =   298.42  PRESS =     0.0
 Etot   =    -61302.2302  EKtot   =     15071.4961  EPtot      =    -76373.7263
 BOND   =       314.3420  ANGLE   =      1203.2832  DIHED      =      1405.1339
 1-4 NB =       431.3757  1-4 EEL =      4882.1333  VDWAALS    =     10100.1439
 EELEC  =    -94710.1382  EHBOND  =         0.0000  RESTRAINT  =         0.0000
 EKCMT  =         0.0000  VIRIAL  =         0.0000  VOLUME     =    250320.0478
                                                    Density    =         1.0100
 ------------------------------------------------------------------------------


 NSTEP =  5450000   TIME(PS) =   11000.000  TEMP(K) =   301.29  PRESS =     0.0
 Etot   =    -61286.6766  EKtot   =     15216.0020  EPtot      =    -76502.6786
 BOND   =       336.0454  ANGLE   =      1178.9459  DIHED      =      1373.8793
 1-4 NB =       422.2636  1-4 EEL =      4913.7772  VDWAALS    =      9965.7154
 EELEC  =    -94693.3055  EHBOND  =         0.0000  RESTRAINT  =         0.0000
 EKCMT  =         0.0000  VIRIAL  =         0.0000  VOLUME     =    250854.3897
                                                    Density    =         1.0078
 ------------------------------------------------------------------------------


 NSTEP =  5460000   TIME(PS) =   11020.000  TEMP(K) =   301.11  PRESS =     0.0
 Etot   =    -61049.6805  EKtot   =     15207.3545  EPtot      =    -76257.0350
 BOND   =       344.5732  ANGLE   =      1237.3113  DIHED      =      1393.5413
 1-4 NB =       418.3881  1-4 EEL =      4874.9388  VDWAALS    =      9979.1505
 EELEC  =    -94504.9380  EHBOND  =         0.0000  RESTRAINT  =         0.0000
 EKCMT  =         0.0000  VIRIAL  =         0.0000  VOLUME     =    251391.1610
                                                    Density    =         1.0057
 ------------------------------------------------------------------------------


 NSTEP =  5470000   TIME(PS) =   11040.000  TEMP(K) =   297.53  PRESS =     0.0
 Etot   =    -61667.2799  EKtot   =     15026.1787  EPtot      =    -76693.4587
 BOND   =       379.2127  ANGLE   =      1230.3749  DIHED      =      1391.2942
 1-4 NB =       416.2059  1-4 EEL =      4860.0019  VDWAALS    =      9894.3761
 EELEC  =    -94864.9243  EHBOND  =         0.0000  RESTRAINT  =         0.0000
 EKCMT  =         0.0000  VIRIAL  =         0.0000  VOLUME     =    250165.0725
                                                    Density    =         1.0106
 ------------------------------------------------------------------------------


 NSTEP =  5480000   TIME(PS) =   11060.000  TEMP(K) =   297.00  PRESS =     0.0
 Etot   =    -61533.4043  EKtot   =     14999.4482  EPtot      =    -76532.8525
 BOND   =       350.1064  ANGLE   =      1183.9572  DIHED      =      1374.4498
 1-4 NB =       431.3948  1-4 EEL =      4919.0462  VDWAALS    =     10091.1444
 EELEC  =    -94882.9513  EHBOND  =         0.0000  RESTRAINT  =         0.0000
 EKCMT  =         0.0000  VIRIAL  =         0.0000  VOLUME     =    249639.5934
                                                    Density    =         1.0127
 ------------------------------------------------------------------------------


 NSTEP =  5490000   TIME(PS) =   11080.000  TEMP(K) =   297.28  PRESS =     0.0
 Etot   =    -61442.0985  EKtot   =     15013.6865  EPtot      =    -76455.7850
 BOND   =       401.8449  ANGLE   =      1187.9048  DIHED      =      1384.6493
 1-4 NB =       412.7498  1-4 EEL =      4893.1204  VDWAALS    =      9939.2116
 EELEC  =    -94675.2657  EHBOND  =         0.0000  RESTRAINT  =         0.0000
 EKCMT  =         0.0000  VIRIAL  =         0.0000  VOLUME     =    249887.7128
                                                    Density    =         1.0117
 ------------------------------------------------------------------------------


 NSTEP =  5500000   TIME(PS) =   11100.000  TEMP(K) =   299.27  PRESS =     0.0
 Etot   =    -61598.9123  EKtot   =     15113.9697  EPtot      =    -76712.8821
 BOND   =       371.8618  ANGLE   =      1187.4581  DIHED      =      1382.7257
 1-4 NB =       428.7724  1-4 EEL =      4829.2460  VDWAALS    =      9866.5433
 EELEC  =    -94779.4894  EHBOND  =         0.0000  RESTRAINT  =         0.0000
 EKCMT  =         0.0000  VIRIAL  =         0.0000  VOLUME     =    251232.4517
                                                    Density    =         1.0063
 ------------------------------------------------------------------------------


 NSTEP =  5510000   TIME(PS) =   11120.000  TEMP(K) =   298.66  PRESS =     0.0
 Etot   =    -61266.8996  EKtot   =     15083.1445  EPtot      =    -76350.0442
 BOND   =       371.3719  ANGLE   =      1210.8316  DIHED      =      1389.8777
 1-4 NB =       430.2541  1-4 EEL =      4870.4190  VDWAALS    =      9920.9676
 EELEC  =    -94543.7660  EHBOND  =         0.0000  RESTRAINT  =         0.0000
 EKCMT  =         0.0000  VIRIAL  =         0.0000  VOLUME     =    250412.6387
                                                    Density    =         1.0096
 ------------------------------------------------------------------------------


 NSTEP =  5520000   TIME(PS) =   11140.000  TEMP(K) =   300.30  PRESS =     0.0
 Etot   =    -61403.5002  EKtot   =     15166.2129  EPtot      =    -76569.7131
 BOND   =       359.6796  ANGLE   =      1216.8714  DIHED      =      1378.1297
 1-4 NB =       418.8325  1-4 EEL =      4888.8017  VDWAALS    =      9805.3059
 EELEC  =    -94637.3339  EHBOND  =         0.0000  RESTRAINT  =         0.0000
 EKCMT  =         0.0000  VIRIAL  =         0.0000  VOLUME     =    249008.5838
                                                    Density    =         1.0153
 ------------------------------------------------------------------------------


 NSTEP =  5530000   TIME(PS) =   11160.000  TEMP(K) =   297.94  PRESS =     0.0
 Etot   =    -61280.3125  EKtot   =     15047.0459  EPtot      =    -76327.3584
 BOND   =       354.6495  ANGLE   =      1228.9425  DIHED      =      1372.4077
 1-4 NB =       424.4273  1-4 EEL =      4922.1258  VDWAALS    =      9778.5025
 EELEC  =    -94408.4135  EHBOND  =         0.0000  RESTRAINT  =         0.0000
 EKCMT  =         0.0000  VIRIAL  =         0.0000  VOLUME     =    248931.3800
                                                    Density    =         1.0156
 ------------------------------------------------------------------------------


 NSTEP =  5540000   TIME(PS) =   11180.000  TEMP(K) =   300.89  PRESS =     0.0
 Etot   =    -60943.5585  EKtot   =     15195.8164  EPtot      =    -76139.3749
 BOND   =       345.6289  ANGLE   =      1241.1293  DIHED      =      1396.6834
 1-4 NB =       436.9704  1-4 EEL =      4917.1548  VDWAALS    =      9755.1416
 EELEC  =    -94232.0833  EHBOND  =         0.0000  RESTRAINT  =         0.0000
 EKCMT  =         0.0000  VIRIAL  =         0.0000  VOLUME     =    251093.4741
                                                    Density    =         1.0069
 ------------------------------------------------------------------------------


 NSTEP =  5550000   TIME(PS) =   11200.000  TEMP(K) =   300.19  PRESS =     0.0
 Etot   =    -61384.0710  EKtot   =     15160.6367  EPtot      =    -76544.7077
 BOND   =       383.5858  ANGLE   =      1198.8696  DIHED      =      1407.6581
 1-4 NB =       422.7126  1-4 EEL =      4869.9979  VDWAALS    =      9881.5137
 EELEC  =    -94709.0455  EHBOND  =         0.0000  RESTRAINT  =         0.0000
 EKCMT  =         0.0000  VIRIAL  =         0.0000  VOLUME     =    249735.7763
                                                    Density    =         1.0123
 ------------------------------------------------------------------------------


 NSTEP =  5560000   TIME(PS) =   11220.000  TEMP(K) =   297.52  PRESS =     0.0
 Etot   =    -61828.6946  EKtot   =     15025.7109  EPtot      =    -76854.4055
 BOND   =       326.1415  ANGLE   =      1210.2088  DIHED      =      1389.5675
 1-4 NB =       423.5310  1-4 EEL =      4881.7618  VDWAALS    =      9998.9553
 EELEC  =    -95084.5714  EHBOND  =         0.0000  RESTRAINT  =         0.0000
 EKCMT  =         0.0000  VIRIAL  =         0.0000  VOLUME     =    249234.6511
                                                    Density    =         1.0144
 ------------------------------------------------------------------------------


 NSTEP =  5570000   TIME(PS) =   11240.000  TEMP(K) =   299.28  PRESS =     0.0
 Etot   =    -61092.4347  EKtot   =     15114.6865  EPtot      =    -76207.1213
 BOND   =       354.7747  ANGLE   =      1235.8429  DIHED      =      1357.0230
 1-4 NB =       426.7610  1-4 EEL =      4896.5911  VDWAALS    =      9707.8535
 EELEC  =    -94185.9674  EHBOND  =         0.0000  RESTRAINT  =         0.0000
 EKCMT  =         0.0000  VIRIAL  =         0.0000  VOLUME     =    251547.1662
                                                    Density    =         1.0050
 ------------------------------------------------------------------------------


 NSTEP =  5580000   TIME(PS) =   11260.000  TEMP(K) =   298.41  PRESS =     0.0
 Etot   =    -61413.7944  EKtot   =     15070.7773  EPtot      =    -76484.5717
 BOND   =       360.8451  ANGLE   =      1215.5998  DIHED      =      1383.6673
 1-4 NB =       413.0751  1-4 EEL =      4897.7487  VDWAALS    =      9926.3620
 EELEC  =    -94681.8697  EHBOND  =         0.0000  RESTRAINT  =         0.0000
 EKCMT  =         0.0000  VIRIAL  =         0.0000  VOLUME     =    250585.0761
                                                    Density    =         1.0089
 ------------------------------------------------------------------------------


 NSTEP =  5590000   TIME(PS) =   11280.000  TEMP(K) =   300.94  PRESS =     0.0
 Etot   =    -61381.2091  EKtot   =     15198.3721  EPtot      =    -76579.5812
 BOND   =       339.4799  ANGLE   =      1163.2734  DIHED      =      1393.8677
 1-4 NB =       424.9009  1-4 EEL =      4922.6161  VDWAALS    =      9974.2624
 EELEC  =    -94797.9815  EHBOND  =         0.0000  RESTRAINT  =         0.0000
 EKCMT  =         0.0000  VIRIAL  =         0.0000  VOLUME     =    250976.2828
                                                    Density    =         1.0073
 ------------------------------------------------------------------------------


 NSTEP =  5600000   TIME(PS) =   11300.000  TEMP(K) =   302.52  PRESS =     0.0
 Etot   =    -60924.1439  EKtot   =     15278.2559  EPtot      =    -76202.3998
 BOND   =       348.0244  ANGLE   =      1214.8240  DIHED      =      1405.5702
 1-4 NB =       416.7642  1-4 EEL =      4903.8284  VDWAALS    =      9726.0500
 EELEC  =    -94217.4610  EHBOND  =         0.0000  RESTRAINT  =         0.0000
 EKCMT  =         0.0000  VIRIAL  =         0.0000  VOLUME     =    250927.8886
                                                    Density    =         1.0075
 ------------------------------------------------------------------------------


 NSTEP =  5610000   TIME(PS) =   11320.000  TEMP(K) =   297.04  PRESS =     0.0
 Etot   =    -61576.4447  EKtot   =     15001.7344  EPtot      =    -76578.1790
 BOND   =       340.5833  ANGLE   =      1196.8165  DIHED      =      1391.6696
 1-4 NB =       428.7544  1-4 EEL =      4896.1085  VDWAALS    =      9895.3297
 EELEC  =    -94727.4411  EHBOND  =         0.0000  RESTRAINT  =         0.0000
 EKCMT  =         0.0000  VIRIAL  =         0.0000  VOLUME     =    250799.1646
                                                    Density    =         1.0080
 ------------------------------------------------------------------------------


 NSTEP =  5620000   TIME(PS) =   11340.000  TEMP(K) =   301.02  PRESS =     0.0
 Etot   =    -61452.9027  EKtot   =     15202.5791  EPtot      =    -76655.4818
 BOND   =       354.4335  ANGLE   =      1194.8423  DIHED      =      1389.8441
 1-4 NB =       417.6801  1-4 EEL =      4950.4757  VDWAALS    =      9925.9173
 EELEC  =    -94888.6749  EHBOND  =         0.0000  RESTRAINT  =         0.0000
 EKCMT  =         0.0000  VIRIAL  =         0.0000  VOLUME     =    250240.2297
                                                    Density    =         1.0103
 ------------------------------------------------------------------------------


 NSTEP =  5630000   TIME(PS) =   11360.000  TEMP(K) =   298.05  PRESS =     0.0
 Etot   =    -61293.8952  EKtot   =     15052.5703  EPtot      =    -76346.4655
 BOND   =       345.4140  ANGLE   =      1194.8612  DIHED      =      1389.7385
 1-4 NB =       432.1172  1-4 EEL =      4973.3748  VDWAALS    =      9903.4993
 EELEC  =    -94585.4705  EHBOND  =         0.0000  RESTRAINT  =         0.0000
 EKCMT  =         0.0000  VIRIAL  =         0.0000  VOLUME     =    250645.3703
                                                    Density    =         1.0087
 ------------------------------------------------------------------------------


 NSTEP =  5640000   TIME(PS) =   11380.000  TEMP(K) =   301.37  PRESS =     0.0
 Etot   =    -61338.1991  EKtot   =     15220.0898  EPtot      =    -76558.2889
 BOND   =       374.6441  ANGLE   =      1193.3702  DIHED      =      1405.4162
 1-4 NB =       433.7314  1-4 EEL =      4937.6156  VDWAALS    =      9973.9816
 EELEC  =    -94877.0479  EHBOND  =         0.0000  RESTRAINT  =         0.0000
 EKCMT  =         0.0000  VIRIAL  =         0.0000  VOLUME     =    250023.8110
                                                    Density    =         1.0112
 ------------------------------------------------------------------------------


 NSTEP =  5650000   TIME(PS) =   11400.000  TEMP(K) =   301.71  PRESS =     0.0
 Etot   =    -61197.8891  EKtot   =     15237.3760  EPtot      =    -76435.2651
 BOND   =       327.9450  ANGLE   =      1207.1766  DIHED      =      1386.0969
 1-4 NB =       428.4783  1-4 EEL =      4907.8832  VDWAALS    =      9840.9535
 EELEC  =    -94533.7986  EHBOND  =         0.0000  RESTRAINT  =         0.0000
 EKCMT  =         0.0000  VIRIAL  =         0.0000  VOLUME     =    250111.6081
                                                    Density    =         1.0108
 ------------------------------------------------------------------------------


 NSTEP =  5660000   TIME(PS) =   11420.000  TEMP(K) =   300.40  PRESS =     0.0
 Etot   =    -61278.1344  EKtot   =     15171.3105  EPtot      =    -76449.4450
 BOND   =       340.2467  ANGLE   =      1255.1291  DIHED      =      1389.6991
 1-4 NB =       424.7090  1-4 EEL =      4902.7603  VDWAALS    =     10116.9943
 EELEC  =    -94878.9833  EHBOND  =         0.0000  RESTRAINT  =         0.0000
 EKCMT  =         0.0000  VIRIAL  =         0.0000  VOLUME     =    250873.5241
                                                    Density    =         1.0077
 ------------------------------------------------------------------------------


 NSTEP =  5670000   TIME(PS) =   11440.000  TEMP(K) =   303.04  PRESS =     0.0
 Etot   =    -61235.7849  EKtot   =     15304.7930  EPtot      =    -76540.5778
 BOND   =       348.2734  ANGLE   =      1208.7611  DIHED      =      1391.8229
 1-4 NB =       424.7655  1-4 EEL =      4866.1222  VDWAALS    =     10038.2836
 EELEC  =    -94818.6065  EHBOND  =         0.0000  RESTRAINT  =         0.0000
 EKCMT  =         0.0000  VIRIAL  =         0.0000  VOLUME     =    251791.7291
                                                    Density    =         1.0041
 ------------------------------------------------------------------------------


 NSTEP =  5680000   TIME(PS) =   11460.000  TEMP(K) =   300.01  PRESS =     0.0
 Etot   =    -61174.6159  EKtot   =     15151.5889  EPtot      =    -76326.2047
 BOND   =       333.2190  ANGLE   =      1203.3037  DIHED      =      1398.9035
 1-4 NB =       421.4720  1-4 EEL =      4903.9662  VDWAALS    =      9800.2119
 EELEC  =    -94387.2811  EHBOND  =         0.0000  RESTRAINT  =         0.0000
 EKCMT  =         0.0000  VIRIAL  =         0.0000  VOLUME     =    250971.0350
                                                    Density    =         1.0073
 ------------------------------------------------------------------------------


 NSTEP =  5690000   TIME(PS) =   11480.000  TEMP(K) =   301.33  PRESS =     0.0
 Etot   =    -61293.0473  EKtot   =     15218.1250  EPtot      =    -76511.1723
 BOND   =       359.5412  ANGLE   =      1180.0366  DIHED      =      1382.1884
 1-4 NB =       428.2846  1-4 EEL =      4929.8586  VDWAALS    =      9960.9613
 EELEC  =    -94752.0431  EHBOND  =         0.0000  RESTRAINT  =         0.0000
 EKCMT  =         0.0000  VIRIAL  =         0.0000  VOLUME     =    250140.0050
                                                    Density    =         1.0107
 ------------------------------------------------------------------------------


 NSTEP =  5700000   TIME(PS) =   11500.000  TEMP(K) =   298.12  PRESS =     0.0
 Etot   =    -61389.9149  EKtot   =     15055.8770  EPtot      =    -76445.7919
 BOND   =       337.5295  ANGLE   =      1228.1981  DIHED      =      1386.8854
 1-4 NB =       422.4507  1-4 EEL =      4863.3572  VDWAALS    =      9973.7354
 EELEC  =    -94657.9481  EHBOND  =         0.0000  RESTRAINT  =         0.0000
 EKCMT  =         0.0000  VIRIAL  =         0.0000  VOLUME     =    251087.8686
                                                    Density    =         1.0069
 ------------------------------------------------------------------------------


 NSTEP =  5710000   TIME(PS) =   11520.000  TEMP(K) =   299.15  PRESS =     0.0
 Etot   =    -61402.5213  EKtot   =     15107.9316  EPtot      =    -76510.4530
 BOND   =       357.9135  ANGLE   =      1191.0607  DIHED      =      1391.8535
 1-4 NB =       440.0632  1-4 EEL =      4906.9452  VDWAALS    =      9905.6976
 EELEC  =    -94703.9867  EHBOND  =         0.0000  RESTRAINT  =         0.0000
 EKCMT  =         0.0000  VIRIAL  =         0.0000  VOLUME     =    250021.4025
                                                    Density    =         1.0112
 ------------------------------------------------------------------------------


 NSTEP =  5720000   TIME(PS) =   11540.000  TEMP(K) =   299.06  PRESS =     0.0
 Etot   =    -61294.2259  EKtot   =     15103.4844  EPtot      =    -76397.7103
 BOND   =       355.6901  ANGLE   =      1211.8484  DIHED      =      1402.7548
 1-4 NB =       426.6737  1-4 EEL =      4894.8390  VDWAALS    =      9821.6778
 EELEC  =    -94511.1941  EHBOND  =         0.0000  RESTRAINT  =         0.0000
 EKCMT  =         0.0000  VIRIAL  =         0.0000  VOLUME     =    251251.1931
                                                    Density    =         1.0062
 ------------------------------------------------------------------------------


 NSTEP =  5730000   TIME(PS) =   11560.000  TEMP(K) =   298.51  PRESS =     0.0
 Etot   =    -61367.9520  EKtot   =     15075.6934  EPtot      =    -76443.6453
 BOND   =       353.1154  ANGLE   =      1185.8406  DIHED      =      1397.1515
 1-4 NB =       419.4090  1-4 EEL =      4929.3442  VDWAALS    =      9780.7192
 EELEC  =    -94509.2254  EHBOND  =         0.0000  RESTRAINT  =         0.0000
 EKCMT  =         0.0000  VIRIAL  =         0.0000  VOLUME     =    250392.8987
                                                    Density    =         1.0097
 ------------------------------------------------------------------------------


 NSTEP =  5740000   TIME(PS) =   11580.000  TEMP(K) =   302.48  PRESS =     0.0
 Etot   =    -61434.6033  EKtot   =     15276.0449  EPtot      =    -76710.6483
 BOND   =       324.7896  ANGLE   =      1202.5863  DIHED      =      1389.8442
 1-4 NB =       411.1131  1-4 EEL =      4896.4208  VDWAALS    =      9978.4285
 EELEC  =    -94913.8309  EHBOND  =         0.0000  RESTRAINT  =         0.0000
 EKCMT  =         0.0000  VIRIAL  =         0.0000  VOLUME     =    250148.0101
                                                    Density    =         1.0107
 ------------------------------------------------------------------------------


 NSTEP =  5750000   TIME(PS) =   11600.000  TEMP(K) =   297.49  PRESS =     0.0
 Etot   =    -61423.9485  EKtot   =     15024.5010  EPtot      =    -76448.4494
 BOND   =       348.5867  ANGLE   =      1198.0122  DIHED      =      1417.1161
 1-4 NB =       432.3806  1-4 EEL =      4911.8784  VDWAALS    =      9779.6935
